question_id,question,answer_id,answer,q_ev.vaccinated,q_pt.vaccinated,a_ev.vaccinated,a_pt.vaccinated,ev_prop.vaccinated,pt_prop.vaccinated,q_ev.unvaccinated,q_pt.unvaccinated,a_ev.unvaccinated,a_pt.unvaccinated,ev_prop.unvaccinated,pt_prop.unvaccinated,ev_proportion_difference,pt_proportion_difference,lower_CI_ev,upper_CI_ev,lower_CI_pt,upper_CI_pt,p_value_ev,p_value_pt
28010,Method of returning questionnaire results,2,Post,51607,9006,50818,9006,0.984711376,1,2378,416,2356,416,0.990748528,1,-0.006037152,0,-0.00696127,-0.005113033,0,0,2.64E-05,0
28010,Method of returning questionnaire results,1,Website,51607,9006,789,605,0.015288624,0.067177437,2378,416,22,17,0.009251472,0.040865385,0.006037152,0.026312053,0.005113033,0.00696127,0.021741394,0.030882711,0.001723757,0.004092465
28011,COVID-19 symptoms: Fever 38 degrees C or greater,0,No,51607,9006,50723,8992,0.982870541,0.998445481,2378,416,2318,416,0.974768713,1,0.008101828,-0.001554519,0.0070324,0.009171256,-0.002679517,-4.30E-04,3.55E-05,1.60E-05
28011,COVID-19 symptoms: Fever 38 degrees C or greater,1,Yes,51607,9006,884,796,0.017129459,0.088385521,2378,416,60,52,0.025231287,0.125,-0.008101828,-0.036614479,-0.009171256,-0.0070324,-0.041977606,-0.031251353,0.001985151,0.004176545
28012,COVID-19 symptoms: Wheezing,1,Yes,51607,9006,1089,719,0.021101789,0.079835665,2378,416,67,38,0.028174937,0.091346154,-0.007073148,-0.011510489,-0.008072899,-0.006073398,-0.014556451,-0.008464527,0.001418391,0.001475304
28012,COVID-19 symptoms: Wheezing,0,No,51607,9006,50518,8986,0.978898211,0.997779258,2378,416,2311,416,0.971825063,1,0.007073148,-0.002220742,0.006073398,0.008072899,-0.003564923,-8.77E-04,3.11E-05,2.29E-05
28013,COVID-19 symptoms: Chills,1,Yes,51607,9006,1219,1023,0.023620827,0.113590939,2378,416,81,68,0.034062237,0.163461538,-0.010441411,-0.049870599,-0.011654037,-0.009228785,-0.056086516,-0.043654682,0.001858831,0.004419754
28013,COVID-19 symptoms: Chills,0,No,51607,9006,50388,8994,0.976379173,0.998667555,2378,416,2297,414,0.965937763,0.995192308,0.010441411,0.003475247,0.009228785,0.011654037,0.001794786,0.005155708,4.60E-05,3.59E-05
28014,COVID-19 symptoms: Chest pain,0,No,51607,9006,50701,8992,0.982444242,0.998445481,2378,416,2312,415,0.972245585,0.997596154,0.010198658,8.49E-04,0.009000064,0.011397251,1.75E-05,0.001681176,4.47E-05,8.76E-06
28014,COVID-19 symptoms: Chest pain,1,Yes,51607,9006,906,624,0.017555758,0.069287142,2378,416,66,43,0.027754415,0.103365385,-0.010198658,-0.034078243,-0.011397251,-0.009000064,-0.039259094,-0.028897392,0.002421582,0.004935255
28015,COVID-19 symptoms: Feeling more tired than usual,0,No,51607,9006,46535,8914,0.901718759,0.989784588,2378,416,2091,409,0.879310345,0.983173077,0.022408414,0.006611511,0.020642739,0.024174089,0.004297308,0.008925714,1.07E-04,6.88E-05
28015,COVID-19 symptoms: Feeling more tired than usual,1,Yes,51607,9006,5072,3003,0.098281241,0.33344437,2378,416,287,166,0.120689655,0.399038462,-0.022408414,-0.065594091,-0.024174089,-0.020642739,-0.07266364,-0.058524542,9.71E-04,0.002007547
28016,COVID-19 symptoms: Headache,1,Yes,51607,9006,5175,2819,0.100277094,0.313013547,2378,416,296,156,0.124474348,0.375,-0.024197254,-0.061986453,-0.026030373,-0.022364135,-0.068872096,-0.055100811,0.001026397,0.002020824
28016,COVID-19 symptoms: Headache,0,No,51607,9006,46432,8907,0.899722906,0.989007328,2378,416,2082,409,0.875525652,0.983173077,0.024197254,0.005834252,0.022364135,0.026030373,0.003659481,0.008009022,1.16E-04,6.08E-05
28017,COVID-19 symptoms: Muscle ache,1,Yes,51607,9006,3378,2050,0.065456237,0.227626027,2378,416,189,114,0.079478553,0.274038462,-0.014022317,-0.046412434,-0.015425034,-0.0126196,-0.052419868,-0.040405001,9.13E-04,0.002080055
28017,COVID-19 symptoms: Muscle ache,0,No,51607,9006,48229,8942,0.934543763,0.992893626,2378,416,2189,412,0.920521447,0.990384615,0.014022317,0.002509011,0.0126196,0.015425034,0.001080455,0.003937567,6.46E-05,2.60E-05
28018,COVID-19 symptoms: Nausea/vomiting,0,No,51607,9006,50645,9000,0.981359118,0.999333777,2378,416,2326,416,0.978132885,1,0.003226233,-6.66E-04,0.002549726,0.003902741,-0.001403034,7.06E-05,1.42E-05,6.87E-06
28018,COVID-19 symptoms: Nausea/vomiting,1,Yes,51607,9006,962,740,0.018640882,0.082167444,2378,416,52,35,0.021867115,0.084134615,-0.003226233,-0.001967171,-0.003902741,-0.002549726,-0.003232447,-7.02E-04,7.39E-04,2.46E-04
28019,COVID-19 symptoms: Sore throat,0,No,51607,9006,47631,8954,0.922956188,0.994226072,2378,416,2157,413,0.90706476,0.992788462,0.015891428,0.00143761,0.014399563,0.017383293,3.56E-04,0.002519541,7.42E-05,1.49E-05
28019,COVID-19 symptoms: Sore throat,1,Yes,51607,9006,3976,2574,0.077043812,0.28580946,2378,416,221,148,0.09293524,0.355769231,-0.015891428,-0.06995977,-0.017383293,-0.014399563,-0.077243714,-0.062675826,8.79E-04,0.002491696
28020,COVID-19 symptoms: Abdominal pain,0,No,51607,9006,50215,8994,0.973026915,0.998667555,2378,416,2306,415,0.969722456,0.997596154,0.003304459,0.001071401,0.002619826,0.003989092,1.37E-04,0.00200559,1.46E-05,1.11E-05
28020,COVID-19 symptoms: Abdominal pain,1,Yes,51607,9006,1392,949,0.026973085,0.105374195,2378,416,72,50,0.030277544,0.120192308,-0.003304459,-0.014818113,-0.003989092,-0.002619826,-0.018268328,-0.011367897,5.24E-04,0.001439196
28021,COVID-19 symptoms: Persistent dry cough,1,Yes,51607,9006,1677,1333,0.032495592,0.148012436,2378,416,93,83,0.039108495,0.199519231,-0.006612903,-0.051506795,-0.007579804,-0.005646002,-0.057818416,-0.045195174,8.67E-04,0.003522079
28021,COVID-19 symptoms: Persistent dry cough,0,No,51607,9006,49930,8984,0.967504408,0.997557184,2378,416,2285,416,0.960891505,1,0.006612903,-0.002442816,0.005646002,0.007579804,-0.003852448,-0.001033184,2.94E-05,2.52E-05
28022,COVID-19 symptoms: Diarrhoea,0,No,51607,9006,49296,8977,0.955219253,0.996779924,2378,416,2249,414,0.945752733,0.995192308,0.00946652,0.001587617,0.008311322,0.010621717,4.51E-04,0.002724509,4.27E-05,1.64E-05
28022,COVID-19 symptoms: Diarrhoea,1,Yes,51607,9006,2311,1546,0.044780747,0.171663336,2378,416,129,88,0.054247267,0.211538462,-0.00946652,-0.039875126,-0.010621717,-0.008311322,-0.045462483,-0.034287769,9.01E-04,0.002366125
28023,COVID-19 symptoms: Runny nose,1,Yes,51607,9006,4567,2679,0.088495747,0.297468354,2378,416,215,131,0.090412111,0.314903846,-0.001916364,-0.017435492,-0.002438098,-0.00139463,-0.02117306,-0.013697923,9.31E-05,6.02E-04
28023,COVID-19 symptoms: Runny nose,0,No,51607,9006,47040,8921,0.911504253,0.990561848,2378,416,2163,412,0.909587889,0.990384615,0.001916364,1.77E-04,0.00139463,0.002438098,-2.03E-04,5.57E-04,9.05E-06,1.84E-06
28024,COVID-19 symptoms: Loss of sense of small and taste,0,No,51607,9006,50687,8976,0.982172961,0.996668887,2378,416,2323,414,0.97687132,0.995192308,0.005301641,0.00147658,0.004435323,0.006167959,3.80E-04,0.002573056,2.32E-05,1.53E-05
28024,COVID-19 symptoms: Loss of sense of small and taste,1,Yes,51607,9006,920,629,0.017827039,0.069842327,2378,416,55,45,0.02312868,0.108173077,-0.005301641,-0.03833075,-0.006167959,-0.004435323,-0.043813242,-0.032848257,0.001261118,0.005487109
28025,COVID-19 symptoms: Shortness of breath,1,Yes,51607,9006,2138,1261,0.041428488,0.140017766,2378,416,102,61,0.042893188,0.146634615,-0.001464699,-0.006616849,-0.001920928,-0.001008471,-0.00893198,-0.004301719,1.52E-04,4.86E-04
28025,COVID-19 symptoms: Shortness of breath,0,No,51607,9006,49469,8955,0.958571512,0.994337109,2378,416,2276,415,0.957106812,0.997596154,0.001464699,-0.003259045,0.001008471,0.001920928,-0.004886571,-0.001631519,6.58E-06,3.38E-05
28026,COVID-19 symptoms: Productive long-term cough ('wet' or chesty),1,Yes,51607,9006,1481,943,0.028697657,0.104707972,2378,416,55,36,0.02312868,0.086538462,0.005568978,0.018169511,0.004681205,0.00645675,0.014355505,0.021983517,8.42E-04,0.00180033
28026,COVID-19 symptoms: Productive long-term cough ('wet' or chesty),0,No,51607,9006,50126,8973,0.971302343,0.996335776,2378,416,2323,416,0.97687132,1,-0.005568978,-0.003664224,-0.00645675,-0.004681205,-0.005389606,-0.001938841,2.47E-05,3.79E-05
28027,COVID-19 symptoms requiring medical attention,0,No,51607,9006,49902,8991,0.966961846,0.998334444,2378,416,2306,416,0.969722456,1,-0.00276061,-0.001665556,-0.003386544,-0.002134675,-0.002829975,-5.01E-04,1.23E-05,1.72E-05
28027,COVID-19 symptoms requiring medical attention,1,Yes,51607,9006,1705,1312,0.033038154,0.145680657,2378,416,72,57,0.030277544,0.137019231,0.00276061,0.008661427,0.002134675,0.003386544,0.006015381,0.011307472,3.61E-04,6.14E-04
28028,COVID-19 symptoms requiring self-isolation,1,Yes,51607,9006,1100,940,0.021314938,0.104374861,2378,416,67,60,0.028174937,0.144230769,-0.006859999,-0.039855908,-0.007844676,-0.005875322,-0.045441975,-0.034269842,0.001362922,0.003857232
28028,COVID-19 symptoms requiring self-isolation,0,No,51607,9006,50507,8998,0.978685062,0.999111703,2378,416,2311,416,0.971825063,1,0.006859999,-8.88E-04,0.005875322,0.007844676,-0.001738999,-3.76E-05,3.02E-05,9.16E-06
28029,COVID-19 symptoms requiring hospitalisation,0,No,51607,9006,51510,9005,0.99812041,0.999888963,2378,416,2374,416,0.998317914,1,-1.98E-04,-1.11E-04,-3.65E-04,-2.99E-05,-4.12E-04,1.90E-04,8.52E-07,1.14E-06
28030,Self-reported date symptoms first experienced,6/26/2020,NA,8003,4617,14,14,0.001749344,0.003032272,NA,NA,NA,NA,NA,NA,NA,NA,NA,NA,NA,NA,NA,NA
28030,Self-reported date symptoms first experienced,6/20/2020,NA,8003,4617,25,25,0.003123829,0.005414771,NA,NA,NA,NA,NA,NA,NA,NA,NA,NA,NA,NA,NA,NA
28030,Self-reported date symptoms first experienced,6/18/2020,NA,8003,4617,15,15,0.001874297,0.003248863,NA,NA,NA,NA,NA,NA,NA,NA,NA,NA,NA,NA,NA,NA
28030,Self-reported date symptoms first experienced,7/28/2020,NA,8003,4617,27,27,0.003373735,0.005847953,NA,NA,NA,NA,NA,NA,NA,NA,NA,NA,NA,NA,NA,NA
28030,Self-reported date symptoms first experienced,6/27/2020,NA,8003,4617,15,15,0.001874297,0.003248863,NA,NA,NA,NA,NA,NA,NA,NA,NA,NA,NA,NA,NA,NA
28030,Self-reported date symptoms first experienced,12/31/2019,NA,8003,4617,18,16,0.002249157,0.003465454,NA,NA,NA,NA,NA,NA,NA,NA,NA,NA,NA,NA,NA,NA
28030,Self-reported date symptoms first experienced,10/31/2020,NA,8003,4617,9,9,0.001124578,0.001949318,NA,NA,NA,NA,NA,NA,NA,NA,NA,NA,NA,NA,NA,NA
28030,Self-reported date symptoms first experienced,3/22/2020,NA,8003,4617,32,22,0.003998501,0.004764999,402,233,6,4,0.014925373,0.017167382,-0.010926873,-0.012402383,-0.014069959,-0.007783786,-0.01680727,-0.007997496,0.023429445,0.029775291
28030,Self-reported date symptoms first experienced,2/2/2020,NA,8003,4617,17,17,0.002124203,0.003682045,NA,NA,NA,NA,NA,NA,NA,NA,NA,NA,NA,NA,NA,NA
28030,Self-reported date symptoms first experienced,12/29/2019,NA,8003,4617,11,11,0.001374485,0.002382499,NA,NA,NA,NA,NA,NA,NA,NA,NA,NA,NA,NA,NA,NA
28030,Self-reported date symptoms first experienced,6/19/2020,NA,8003,4617,9,9,0.001124578,0.001949318,NA,NA,NA,NA,NA,NA,NA,NA,NA,NA,NA,NA,NA,NA
28030,Self-reported date symptoms first experienced,1/7/2020,NA,8003,4617,10,10,0.001249531,0.002165909,NA,NA,NA,NA,NA,NA,NA,NA,NA,NA,NA,NA,NA,NA
28030,Self-reported date symptoms first experienced,12/28/2019,NA,8003,4617,25,24,0.003123829,0.005198181,NA,NA,NA,NA,NA,NA,NA,NA,NA,NA,NA,NA,NA,NA
28030,Self-reported date symptoms first experienced,4/29/2020,NA,8003,4617,5,5,6.25E-04,0.001082954,NA,NA,NA,NA,NA,NA,NA,NA,NA,NA,NA,NA,NA,NA
28030,Self-reported date symptoms first experienced,12/22/2019,NA,8003,4617,7,7,8.75E-04,0.001516136,NA,NA,NA,NA,NA,NA,NA,NA,NA,NA,NA,NA,NA,NA
28030,Self-reported date symptoms first experienced,11/6/2020,NA,8003,4617,10,10,0.001249531,0.002165909,NA,NA,NA,NA,NA,NA,NA,NA,NA,NA,NA,NA,NA,NA
28030,Self-reported date symptoms first experienced,6/9/2020,NA,8003,4617,5,5,6.25E-04,0.001082954,NA,NA,NA,NA,NA,NA,NA,NA,NA,NA,NA,NA,NA,NA
28030,Self-reported date symptoms first experienced,6/16/2020,NA,8003,4617,18,18,0.002249157,0.003898635,NA,NA,NA,NA,NA,NA,NA,NA,NA,NA,NA,NA,NA,NA
28030,Self-reported date symptoms first experienced,7/8/2020,NA,8003,4617,19,19,0.00237411,0.004115226,NA,NA,NA,NA,NA,NA,NA,NA,NA,NA,NA,NA,NA,NA
28030,Self-reported date symptoms first experienced,1/3/2020,NA,8003,4617,22,21,0.002748969,0.004548408,NA,NA,NA,NA,NA,NA,NA,NA,NA,NA,NA,NA,NA,NA
28030,Self-reported date symptoms first experienced,7/6/2020,NA,8003,4617,35,35,0.00437336,0.00758068,NA,NA,NA,NA,NA,NA,NA,NA,NA,NA,NA,NA,NA,NA
28030,Self-reported date symptoms first experienced,4/30/2020,NA,8003,4617,9,9,0.001124578,0.001949318,NA,NA,NA,NA,NA,NA,NA,NA,NA,NA,NA,NA,NA,NA
28030,Self-reported date symptoms first experienced,7/2/2020,NA,8003,4617,27,27,0.003373735,0.005847953,NA,NA,NA,NA,NA,NA,NA,NA,NA,NA,NA,NA,NA,NA
28030,Self-reported date symptoms first experienced,6/14/2020,NA,8003,4617,20,19,0.002499063,0.004115226,NA,NA,NA,NA,NA,NA,NA,NA,NA,NA,NA,NA,NA,NA
28030,Self-reported date symptoms first experienced,2/4/2020,NA,8003,4617,8,8,0.001,0.001732727,NA,NA,NA,NA,NA,NA,NA,NA,NA,NA,NA,NA,NA,NA
28030,Self-reported date symptoms first experienced,8/13/2020,NA,8003,4617,15,15,0.001874297,0.003248863,NA,NA,NA,NA,NA,NA,NA,NA,NA,NA,NA,NA,NA,NA
28030,Self-reported date symptoms first experienced,6/4/2020,NA,8003,4617,8,8,0.001,0.001732727,NA,NA,NA,NA,NA,NA,NA,NA,NA,NA,NA,NA,NA,NA
28030,Self-reported date symptoms first experienced,10/21/2020,NA,8003,4617,15,15,0.001874297,0.003248863,NA,NA,NA,NA,NA,NA,NA,NA,NA,NA,NA,NA,NA,NA
28030,Self-reported date symptoms first experienced,5/2/2020,NA,8003,4617,5,5,6.25E-04,0.001082954,NA,NA,NA,NA,NA,NA,NA,NA,NA,NA,NA,NA,NA,NA
28030,Self-reported date symptoms first experienced,10/27/2020,NA,8003,4617,9,9,0.001124578,0.001949318,NA,NA,NA,NA,NA,NA,NA,NA,NA,NA,NA,NA,NA,NA
28030,Self-reported date symptoms first experienced,6/1/2020,NA,8003,4617,45,44,0.005622891,0.009529998,402,233,6,6,0.014925373,0.025751073,-0.009302482,-0.016221075,-0.012204928,-0.006400036,-0.021248908,-0.011193243,0.015893382,0.021413586
28030,Self-reported date symptoms first experienced,11/4/2020,NA,8003,4617,5,5,6.25E-04,0.001082954,NA,NA,NA,NA,NA,NA,NA,NA,NA,NA,NA,NA,NA,NA
28030,Self-reported date symptoms first experienced,8/22/2020,NA,8003,4617,23,23,0.002873922,0.00498159,NA,NA,NA,NA,NA,NA,NA,NA,NA,NA,NA,NA,NA,NA
28030,Self-reported date symptoms first experienced,12/24/2019,NA,8003,4617,15,15,0.001874297,0.003248863,NA,NA,NA,NA,NA,NA,NA,NA,NA,NA,NA,NA,NA,NA
28030,Self-reported date symptoms first experienced,6/12/2020,NA,8003,4617,13,12,0.001624391,0.00259909,NA,NA,NA,NA,NA,NA,NA,NA,NA,NA,NA,NA,NA,NA
28030,Self-reported date symptoms first experienced,11/1/2020,NA,8003,4617,16,16,0.00199925,0.003465454,NA,NA,NA,NA,NA,NA,NA,NA,NA,NA,NA,NA,NA,NA
28030,Self-reported date symptoms first experienced,3/20/2020,NA,8003,4617,80,78,0.009996251,0.016894087,402,233,6,6,0.014925373,0.025751073,-0.004929122,-0.008856986,-0.007046537,-0.002811707,-0.01258608,-0.005127892,0.005227055,0.007299546
28030,Self-reported date symptoms first experienced,10/6/2020,NA,8003,4617,12,12,0.001499438,0.00259909,NA,NA,NA,NA,NA,NA,NA,NA,NA,NA,NA,NA,NA,NA
28030,Self-reported date symptoms first experienced,1/4/2020,NA,8003,4617,15,15,0.001874297,0.003248863,NA,NA,NA,NA,NA,NA,NA,NA,NA,NA,NA,NA,NA,NA
28030,Self-reported date symptoms first experienced,4/25/2020,NA,8003,4617,7,7,8.75E-04,0.001516136,NA,NA,NA,NA,NA,NA,NA,NA,NA,NA,NA,NA,NA,NA
28030,Self-reported date symptoms first experienced,6/8/2020,NA,8003,4617,11,11,0.001374485,0.002382499,NA,NA,NA,NA,NA,NA,NA,NA,NA,NA,NA,NA,NA,NA
28030,Self-reported date symptoms first experienced,6/10/2020,NA,8003,4617,22,22,0.002748969,0.004764999,NA,NA,NA,NA,NA,NA,NA,NA,NA,NA,NA,NA,NA,NA
28030,Self-reported date symptoms first experienced,4/5/2020,NA,8003,4617,7,7,8.75E-04,0.001516136,NA,NA,NA,NA,NA,NA,NA,NA,NA,NA,NA,NA,NA,NA
28030,Self-reported date symptoms first experienced,4/28/2020,NA,8003,4617,6,6,7.50E-04,0.001299545,NA,NA,NA,NA,NA,NA,NA,NA,NA,NA,NA,NA,NA,NA
28030,Self-reported date symptoms first experienced,2/12/2020,NA,8003,4617,8,8,0.001,0.001732727,NA,NA,NA,NA,NA,NA,NA,NA,NA,NA,NA,NA,NA,NA
28030,Self-reported date symptoms first experienced,3/21/2020,NA,8003,4617,25,22,0.003123829,0.004764999,402,233,5,2,0.012437811,0.008583691,-0.009313982,-0.003818692,-0.012218205,-0.006409759,-0.006273507,-0.001363877,0.024867387,0.010933002
28030,Self-reported date symptoms first experienced,1/21/2020,NA,8003,4617,7,7,8.75E-04,0.001516136,NA,NA,NA,NA,NA,NA,NA,NA,NA,NA,NA,NA,NA,NA
28030,Self-reported date symptoms first experienced,12/7/2019,NA,8003,4617,7,7,8.75E-04,0.001516136,NA,NA,NA,NA,NA,NA,NA,NA,NA,NA,NA,NA,NA,NA
28030,Self-reported date symptoms first experienced,12/16/2019,NA,8003,4617,6,6,7.50E-04,0.001299545,NA,NA,NA,NA,NA,NA,NA,NA,NA,NA,NA,NA,NA,NA
28030,Self-reported date symptoms first experienced,12/21/2019,NA,8003,4617,7,6,8.75E-04,0.001299545,NA,NA,NA,NA,NA,NA,NA,NA,NA,NA,NA,NA,NA,NA
28030,Self-reported date symptoms first experienced,6/6/2020,NA,8003,4617,12,12,0.001499438,0.00259909,NA,NA,NA,NA,NA,NA,NA,NA,NA,NA,NA,NA,NA,NA
28030,Self-reported date symptoms first experienced,3/29/2020,NA,8003,4617,10,10,0.001249531,0.002165909,NA,NA,NA,NA,NA,NA,NA,NA,NA,NA,NA,NA,NA,NA
28030,Self-reported date symptoms first experienced,11/5/2020,NA,8003,4617,9,9,0.001124578,0.001949318,NA,NA,NA,NA,NA,NA,NA,NA,NA,NA,NA,NA,NA,NA
28030,Self-reported date symptoms first experienced,11/3/2020,NA,8003,4617,14,14,0.001749344,0.003032272,NA,NA,NA,NA,NA,NA,NA,NA,NA,NA,NA,NA,NA,NA
28030,Self-reported date symptoms first experienced,4/16/2020,NA,8003,4617,10,5,0.001249531,0.001082954,NA,NA,NA,NA,NA,NA,NA,NA,NA,NA,NA,NA,NA,NA
28030,Self-reported date symptoms first experienced,11/16/2020,NA,8003,4617,5,5,6.25E-04,0.001082954,NA,NA,NA,NA,NA,NA,NA,NA,NA,NA,NA,NA,NA,NA
28030,Self-reported date symptoms first experienced,4/27/2020,NA,8003,4617,6,6,7.50E-04,0.001299545,NA,NA,NA,NA,NA,NA,NA,NA,NA,NA,NA,NA,NA,NA
28030,Self-reported date symptoms first experienced,6/29/2020,NA,8003,4617,22,22,0.002748969,0.004764999,NA,NA,NA,NA,NA,NA,NA,NA,NA,NA,NA,NA,NA,NA
28030,Self-reported date symptoms first experienced,1/18/2020,NA,8003,4617,8,8,0.001,0.001732727,NA,NA,NA,NA,NA,NA,NA,NA,NA,NA,NA,NA,NA,NA
28030,Self-reported date symptoms first experienced,5/12/2020,NA,8003,4617,9,9,0.001124578,0.001949318,NA,NA,NA,NA,NA,NA,NA,NA,NA,NA,NA,NA,NA,NA
28030,Self-reported date symptoms first experienced,8/21/2020,NA,8003,4617,17,17,0.002124203,0.003682045,NA,NA,NA,NA,NA,NA,NA,NA,NA,NA,NA,NA,NA,NA
28030,Self-reported date symptoms first experienced,5/21/2020,NA,8003,4617,5,5,6.25E-04,0.001082954,NA,NA,NA,NA,NA,NA,NA,NA,NA,NA,NA,NA,NA,NA
28030,Self-reported date symptoms first experienced,12/17/2019,NA,8003,4617,5,5,6.25E-04,0.001082954,NA,NA,NA,NA,NA,NA,NA,NA,NA,NA,NA,NA,NA,NA
28030,Self-reported date symptoms first experienced,5/29/2020,NA,8003,4617,7,7,8.75E-04,0.001516136,NA,NA,NA,NA,NA,NA,NA,NA,NA,NA,NA,NA,NA,NA
28030,Self-reported date symptoms first experienced,6/3/2020,NA,8003,4617,6,6,7.50E-04,0.001299545,NA,NA,NA,NA,NA,NA,NA,NA,NA,NA,NA,NA,NA,NA
28030,Self-reported date symptoms first experienced,12/18/2019,NA,8003,4617,7,7,8.75E-04,0.001516136,NA,NA,NA,NA,NA,NA,NA,NA,NA,NA,NA,NA,NA,NA
28030,Self-reported date symptoms first experienced,10/7/2020,NA,8003,4617,18,18,0.002249157,0.003898635,NA,NA,NA,NA,NA,NA,NA,NA,NA,NA,NA,NA,NA,NA
28030,Self-reported date symptoms first experienced,12/19/2019,NA,8003,4617,5,5,6.25E-04,0.001082954,NA,NA,NA,NA,NA,NA,NA,NA,NA,NA,NA,NA,NA,NA
28030,Self-reported date symptoms first experienced,3/28/2020,NA,8003,4617,31,21,0.003873547,0.004548408,NA,NA,NA,NA,NA,NA,NA,NA,NA,NA,NA,NA,NA,NA
28030,Self-reported date symptoms first experienced,4/3/2020,NA,8003,4617,9,9,0.001124578,0.001949318,NA,NA,NA,NA,NA,NA,NA,NA,NA,NA,NA,NA,NA,NA
28030,Self-reported date symptoms first experienced,4/6/2020,NA,8003,4617,20,20,0.002499063,0.004331817,NA,NA,NA,NA,NA,NA,NA,NA,NA,NA,NA,NA,NA,NA
28030,Self-reported date symptoms first experienced,1/15/2020,NA,8003,4617,191,181,0.02386605,0.039202946,402,233,7,7,0.017412935,0.030042918,0.006453115,0.009160027,0.004032236,0.008873994,0.005368254,0.0129518,0.002982856,0.003388878
28030,Self-reported date symptoms first experienced,9/21/2020,NA,8003,4617,45,45,0.005622891,0.009746589,402,233,6,6,0.014925373,0.025751073,-0.009302482,-0.016004484,-0.012204928,-0.006400036,-0.020999187,-0.011009782,0.015893382,0.020781488
28030,Self-reported date symptoms first experienced,9/8/2020,NA,8003,4617,23,23,0.002873922,0.00498159,NA,NA,NA,NA,NA,NA,NA,NA,NA,NA,NA,NA,NA,NA
28030,Self-reported date symptoms first experienced,7/11/2020,NA,8003,4617,19,19,0.00237411,0.004115226,NA,NA,NA,NA,NA,NA,NA,NA,NA,NA,NA,NA,NA,NA
28030,Self-reported date symptoms first experienced,7/23/2020,NA,8003,4617,28,28,0.003498688,0.006064544,NA,NA,NA,NA,NA,NA,NA,NA,NA,NA,NA,NA,NA,NA
28030,Self-reported date symptoms first experienced,3/15/2020,NA,8003,4617,227,213,0.028364363,0.046133853,402,233,13,13,0.032338308,0.055793991,-0.003973945,-0.009660138,-0.005876076,-0.002071814,-0.013553063,-0.005767213,0.001517358,0.002973852
28030,Self-reported date symptoms first experienced,11/11/2020,NA,8003,4617,10,10,0.001249531,0.002165909,NA,NA,NA,NA,NA,NA,NA,NA,NA,NA,NA,NA,NA,NA
28030,Self-reported date symptoms first experienced,12/20/2019,NA,8003,4617,23,22,0.002873922,0.004764999,NA,NA,NA,NA,NA,NA,NA,NA,NA,NA,NA,NA,NA,NA
28030,Self-reported date symptoms first experienced,4/2/2020,NA,8003,4617,9,9,0.001124578,0.001949318,NA,NA,NA,NA,NA,NA,NA,NA,NA,NA,NA,NA,NA,NA
28030,Self-reported date symptoms first experienced,4/9/2020,NA,8003,4617,8,5,0.001,0.001082954,NA,NA,NA,NA,NA,NA,NA,NA,NA,NA,NA,NA,NA,NA
28030,Self-reported date symptoms first experienced,1/16/2020,NA,8003,4617,6,6,7.50E-04,0.001299545,NA,NA,NA,NA,NA,NA,NA,NA,NA,NA,NA,NA,NA,NA
28030,Self-reported date symptoms first experienced,1/23/2020,NA,8003,4617,8,8,0.001,0.001732727,NA,NA,NA,NA,NA,NA,NA,NA,NA,NA,NA,NA,NA,NA
28030,Self-reported date symptoms first experienced,8/26/2020,NA,8003,4617,21,21,0.002624016,0.004548408,NA,NA,NA,NA,NA,NA,NA,NA,NA,NA,NA,NA,NA,NA
28030,Self-reported date symptoms first experienced,1/13/2020,NA,8003,4617,7,7,8.75E-04,0.001516136,NA,NA,NA,NA,NA,NA,NA,NA,NA,NA,NA,NA,NA,NA
28030,Self-reported date symptoms first experienced,9/2/2020,NA,8003,4617,29,29,0.003623641,0.006281135,NA,NA,NA,NA,NA,NA,NA,NA,NA,NA,NA,NA,NA,NA
28030,Self-reported date symptoms first experienced,1/27/2020,NA,8003,4617,13,13,0.001624391,0.002815681,NA,NA,NA,NA,NA,NA,NA,NA,NA,NA,NA,NA,NA,NA
28030,Self-reported date symptoms first experienced,8/5/2020,NA,8003,4617,26,26,0.003248782,0.005631362,NA,NA,NA,NA,NA,NA,NA,NA,NA,NA,NA,NA,NA,NA
28030,Self-reported date symptoms first experienced,8/8/2020,NA,8003,4617,25,25,0.003123829,0.005414771,NA,NA,NA,NA,NA,NA,NA,NA,NA,NA,NA,NA,NA,NA
28030,Self-reported date symptoms first experienced,8/11/2020,NA,8003,4617,17,17,0.002124203,0.003682045,NA,NA,NA,NA,NA,NA,NA,NA,NA,NA,NA,NA,NA,NA
28030,Self-reported date symptoms first experienced,8/17/2020,NA,8003,4617,25,25,0.003123829,0.005414771,NA,NA,NA,NA,NA,NA,NA,NA,NA,NA,NA,NA,NA,NA
28030,Self-reported date symptoms first experienced,8/23/2020,NA,8003,4617,29,29,0.003623641,0.006281135,402,233,5,5,0.012437811,0.021459227,-0.00881417,-0.015178093,-0.011640107,-0.005988233,-0.020044177,-0.010312008,0.021550947,0.028211822
28030,Self-reported date symptoms first experienced,12/9/2019,NA,8003,4617,6,6,7.50E-04,0.001299545,NA,NA,NA,NA,NA,NA,NA,NA,NA,NA,NA,NA,NA,NA
28030,Self-reported date symptoms first experienced,3/5/2020,NA,8003,4617,22,22,0.002748969,0.004764999,NA,NA,NA,NA,NA,NA,NA,NA,NA,NA,NA,NA,NA,NA
28030,Self-reported date symptoms first experienced,3/31/2020,NA,8003,4617,29,29,0.003623641,0.006281135,402,233,7,7,0.017412935,0.030042918,-0.013789294,-0.023761784,-0.017315033,-0.010263556,-0.029823696,-0.017699871,0.028943559,0.03793019
28030,Self-reported date symptoms first experienced,3/6/2020,NA,8003,4617,27,23,0.003373735,0.00498159,NA,NA,NA,NA,NA,NA,NA,NA,NA,NA,NA,NA,NA,NA
28030,Self-reported date symptoms first experienced,10/16/2020,NA,8003,4617,22,22,0.002748969,0.004764999,NA,NA,NA,NA,NA,NA,NA,NA,NA,NA,NA,NA,NA,NA
28030,Self-reported date symptoms first experienced,10/14/2020,NA,8003,4617,20,20,0.002499063,0.004331817,NA,NA,NA,NA,NA,NA,NA,NA,NA,NA,NA,NA,NA,NA
28030,Self-reported date symptoms first experienced,1/14/2020,NA,8003,4617,13,13,0.001624391,0.002815681,NA,NA,NA,NA,NA,NA,NA,NA,NA,NA,NA,NA,NA,NA
28030,Self-reported date symptoms first experienced,5/20/2020,NA,8003,4617,20,20,0.002499063,0.004331817,NA,NA,NA,NA,NA,NA,NA,NA,NA,NA,NA,NA,NA,NA
28030,Self-reported date symptoms first experienced,11/2/2020,NA,8003,4617,14,14,0.001749344,0.003032272,NA,NA,NA,NA,NA,NA,NA,NA,NA,NA,NA,NA,NA,NA
28030,Self-reported date symptoms first experienced,2/14/2020,NA,8003,4617,21,21,0.002624016,0.004548408,NA,NA,NA,NA,NA,NA,NA,NA,NA,NA,NA,NA,NA,NA
28030,Self-reported date symptoms first experienced,2/15/2020,NA,8003,4617,158,143,0.019742597,0.030972493,402,233,8,8,0.019900498,0.034334764,-1.58E-04,-0.003362271,-5.38E-04,2.22E-04,-0.005666243,-0.001058299,8.72E-05,0.001550283
28030,Self-reported date symptoms first experienced,5/11/2020,NA,8003,4617,5,5,6.25E-04,0.001082954,NA,NA,NA,NA,NA,NA,NA,NA,NA,NA,NA,NA,NA,NA
28030,Self-reported date symptoms first experienced,2/16/2020,NA,8003,4617,10,10,0.001249531,0.002165909,NA,NA,NA,NA,NA,NA,NA,NA,NA,NA,NA,NA,NA,NA
28030,Self-reported date symptoms first experienced,3/26/2020,NA,8003,4617,19,17,0.00237411,0.003682045,NA,NA,NA,NA,NA,NA,NA,NA,NA,NA,NA,NA,NA,NA
28030,Self-reported date symptoms first experienced,11/12/2020,NA,8003,4617,7,7,8.75E-04,0.001516136,NA,NA,NA,NA,NA,NA,NA,NA,NA,NA,NA,NA,NA,NA
28030,Self-reported date symptoms first experienced,5/14/2020,NA,8003,4617,10,10,0.001249531,0.002165909,NA,NA,NA,NA,NA,NA,NA,NA,NA,NA,NA,NA,NA,NA
28030,Self-reported date symptoms first experienced,5/23/2020,NA,8003,4617,6,6,7.50E-04,0.001299545,NA,NA,NA,NA,NA,NA,NA,NA,NA,NA,NA,NA,NA,NA
28030,Self-reported date symptoms first experienced,3/7/2020,NA,8003,4617,38,32,0.004748219,0.006930908,NA,NA,NA,NA,NA,NA,NA,NA,NA,NA,NA,NA,NA,NA
28030,Self-reported date symptoms first experienced,5/27/2020,NA,8003,4617,9,9,0.001124578,0.001949318,NA,NA,NA,NA,NA,NA,NA,NA,NA,NA,NA,NA,NA,NA
28030,Self-reported date symptoms first experienced,10/9/2020,NA,8003,4617,19,19,0.00237411,0.004115226,NA,NA,NA,NA,NA,NA,NA,NA,NA,NA,NA,NA,NA,NA
28030,Self-reported date symptoms first experienced,1/11/2020,NA,8003,4617,8,8,0.001,0.001732727,NA,NA,NA,NA,NA,NA,NA,NA,NA,NA,NA,NA,NA,NA
28030,Self-reported date symptoms first experienced,2/25/2020,NA,8003,4617,18,16,0.002249157,0.003465454,NA,NA,NA,NA,NA,NA,NA,NA,NA,NA,NA,NA,NA,NA
28030,Self-reported date symptoms first experienced,4/12/2020,NA,8003,4617,9,6,0.001124578,0.001299545,NA,NA,NA,NA,NA,NA,NA,NA,NA,NA,NA,NA,NA,NA
28030,Self-reported date symptoms first experienced,11/9/2020,NA,8003,4617,13,13,0.001624391,0.002815681,NA,NA,NA,NA,NA,NA,NA,NA,NA,NA,NA,NA,NA,NA
28030,Self-reported date symptoms first experienced,3/13/2020,NA,8003,4617,31,27,0.003873547,0.005847953,NA,NA,NA,NA,NA,NA,NA,NA,NA,NA,NA,NA,NA,NA
28030,Self-reported date symptoms first experienced,9/6/2020,NA,8003,4617,11,11,0.001374485,0.002382499,NA,NA,NA,NA,NA,NA,NA,NA,NA,NA,NA,NA,NA,NA
28030,Self-reported date symptoms first experienced,12/3/2019,NA,8003,4617,11,11,0.001374485,0.002382499,NA,NA,NA,NA,NA,NA,NA,NA,NA,NA,NA,NA,NA,NA
28030,Self-reported date symptoms first experienced,2/5/2020,NA,8003,4617,18,17,0.002249157,0.003682045,NA,NA,NA,NA,NA,NA,NA,NA,NA,NA,NA,NA,NA,NA
28030,Self-reported date symptoms first experienced,5/7/2020,NA,8003,4617,5,5,6.25E-04,0.001082954,NA,NA,NA,NA,NA,NA,NA,NA,NA,NA,NA,NA,NA,NA
28030,Self-reported date symptoms first experienced,3/9/2020,NA,8003,4617,31,29,0.003873547,0.006281135,402,233,6,6,0.014925373,0.025751073,-0.011051826,-0.019469938,-0.014212633,-0.007891018,-0.024969207,-0.013970669,0.024138208,0.033555926
28030,Self-reported date symptoms first experienced,11/7/2020,NA,8003,4617,10,10,0.001249531,0.002165909,NA,NA,NA,NA,NA,NA,NA,NA,NA,NA,NA,NA,NA,NA
28030,Self-reported date symptoms first experienced,1/9/2020,NA,8003,4617,5,5,6.25E-04,0.001082954,NA,NA,NA,NA,NA,NA,NA,NA,NA,NA,NA,NA,NA,NA
28030,Self-reported date symptoms first experienced,1/24/2020,NA,8003,4617,10,10,0.001249531,0.002165909,NA,NA,NA,NA,NA,NA,NA,NA,NA,NA,NA,NA,NA,NA
28030,Self-reported date symptoms first experienced,5/26/2020,NA,8003,4617,6,6,7.50E-04,0.001299545,NA,NA,NA,NA,NA,NA,NA,NA,NA,NA,NA,NA,NA,NA
28030,Self-reported date symptoms first experienced,9/3/2020,NA,8003,4617,28,28,0.003498688,0.006064544,NA,NA,NA,NA,NA,NA,NA,NA,NA,NA,NA,NA,NA,NA
28030,Self-reported date symptoms first experienced,3/4/2020,NA,8003,4617,14,14,0.001749344,0.003032272,NA,NA,NA,NA,NA,NA,NA,NA,NA,NA,NA,NA,NA,NA
28030,Self-reported date symptoms first experienced,10/2/2020,NA,8003,4617,20,20,0.002499063,0.004331817,NA,NA,NA,NA,NA,NA,NA,NA,NA,NA,NA,NA,NA,NA
28030,Self-reported date symptoms first experienced,8/15/2020,NA,8003,4617,60,59,0.007497189,0.012778861,402,233,5,5,0.012437811,0.021459227,-0.004940622,-0.008680367,-0.007060494,-0.002820751,-0.012372421,-0.004988312,0.006904592,0.009353491
28030,Self-reported date symptoms first experienced,5/3/2020,NA,8003,4617,7,6,8.75E-04,0.001299545,NA,NA,NA,NA,NA,NA,NA,NA,NA,NA,NA,NA,NA,NA
28030,Self-reported date symptoms first experienced,5/18/2020,NA,8003,4617,7,7,8.75E-04,0.001516136,NA,NA,NA,NA,NA,NA,NA,NA,NA,NA,NA,NA,NA,NA
28030,Self-reported date symptoms first experienced,4/8/2020,NA,8003,4617,9,9,0.001124578,0.001949318,NA,NA,NA,NA,NA,NA,NA,NA,NA,NA,NA,NA,NA,NA
28030,Self-reported date symptoms first experienced,2/26/2020,NA,8003,4617,12,12,0.001499438,0.00259909,NA,NA,NA,NA,NA,NA,NA,NA,NA,NA,NA,NA,NA,NA
28030,Self-reported date symptoms first experienced,7/22/2020,NA,8003,4617,19,19,0.00237411,0.004115226,NA,NA,NA,NA,NA,NA,NA,NA,NA,NA,NA,NA,NA,NA
28030,Self-reported date symptoms first experienced,2/20/2020,NA,8003,4617,34,34,0.004248407,0.007364089,NA,NA,NA,NA,NA,NA,NA,NA,NA,NA,NA,NA,NA,NA
28030,Self-reported date symptoms first experienced,2/21/2020,NA,8003,4617,15,13,0.001874297,0.002815681,NA,NA,NA,NA,NA,NA,NA,NA,NA,NA,NA,NA,NA,NA
28030,Self-reported date symptoms first experienced,2/17/2020,NA,8003,4617,25,22,0.003123829,0.004764999,NA,NA,NA,NA,NA,NA,NA,NA,NA,NA,NA,NA,NA,NA
28030,Self-reported date symptoms first experienced,2/22/2020,NA,8003,4617,7,7,8.75E-04,0.001516136,NA,NA,NA,NA,NA,NA,NA,NA,NA,NA,NA,NA,NA,NA
28030,Self-reported date symptoms first experienced,9/30/2020,NA,8003,4617,24,23,0.002998875,0.00498159,NA,NA,NA,NA,NA,NA,NA,NA,NA,NA,NA,NA,NA,NA
28030,Self-reported date symptoms first experienced,4/7/2020,NA,8003,4617,9,9,0.001124578,0.001949318,NA,NA,NA,NA,NA,NA,NA,NA,NA,NA,NA,NA,NA,NA
28032,Date questionnaire results were received by post,7/27/2020,NA,50818,9006,6,6,1.18E-04,6.66E-04,NA,NA,NA,NA,NA,NA,NA,NA,NA,NA,NA,NA,NA,NA
28032,Date questionnaire results were received by post,8/13/2020,NA,50818,9006,551,551,0.010842615,0.061181435,2356,416,21,21,0.008913413,0.050480769,0.001929202,0.010700665,0.00140175,0.002456654,0.007762605,0.013638726,7.77E-04,0.001814687
28032,Date questionnaire results were received by post,10/6/2020,NA,50818,9006,438,438,0.008618993,0.048634244,2356,416,21,21,0.008913413,0.050480769,-2.94E-04,-0.001846525,-5.01E-04,-8.82E-05,-0.003072462,-6.21E-04,1.48E-04,3.90E-04
28032,Date questionnaire results were received by post,7/31/2020,NA,50818,9006,379,379,0.007457987,0.042083056,2356,416,8,8,0.003395586,0.019230769,0.004062402,0.022852287,0.003297825,0.004826978,0.018585151,0.027119422,0.002404781,0.005694714
28032,Date questionnaire results were received by post,10/14/2020,NA,50818,9006,377,377,0.007418631,0.041860982,2356,416,16,16,0.006791171,0.038461538,6.27E-04,0.003399443,3.26E-04,9.28E-04,0.001737348,0.005061539,3.68E-04,8.40E-04
28032,Date questionnaire results were received by post,11/24/2020,NA,50818,9006,21,21,4.13E-04,0.002331779,NA,NA,NA,NA,NA,NA,NA,NA,NA,NA,NA,NA,NA,NA
28032,Date questionnaire results were received by post,8/24/2020,NA,50818,9006,22,22,4.33E-04,0.002442816,NA,NA,NA,NA,NA,NA,NA,NA,NA,NA,NA,NA,NA,NA
28032,Date questionnaire results were received by post,7/23/2020,NA,50818,9006,197,197,0.003876579,0.021874306,2356,416,7,7,0.002971138,0.016826923,9.05E-04,0.005047383,5.44E-04,0.001266974,0.003023777,0.007070989,0.001022277,0.002398889
28032,Date questionnaire results were received by post,9/16/2020,NA,50818,9006,358,358,0.007044748,0.039751277,2356,416,17,17,0.00721562,0.040865385,-1.71E-04,-0.001114108,-3.28E-04,-1.38E-05,-0.002066713,-1.62E-04,1.05E-04,2.88E-04
28032,Date questionnaire results were received by post,10/2/2020,NA,50818,9006,436,436,0.008579637,0.04841217,2356,416,24,24,0.010186757,0.057692308,-0.00160712,-0.009280138,-0.002088611,-0.001125629,-0.012018206,-0.00654207,8.05E-04,0.001956759
28032,Date questionnaire results were received by post,8/8/2020,NA,50818,9006,46,46,9.05E-04,0.005107706,2356,416,6,6,0.002546689,0.014423077,-0.001641498,-0.009315371,-0.002128104,-0.001154893,-0.012058583,-0.006572159,0.006880374,0.016429125
28032,Date questionnaire results were received by post,8/22/2020,NA,50818,9006,27,27,5.31E-04,0.002998001,NA,NA,NA,NA,NA,NA,NA,NA,NA,NA,NA,NA,NA,NA
28032,Date questionnaire results were received by post,11/17/2020,NA,50818,9006,741,741,0.014581448,0.082278481,2356,416,32,32,0.013582343,0.076923077,9.99E-04,0.005355404,6.19E-04,0.001378858,0.003271289,0.007439519,2.98E-04,6.72E-04
28032,Date questionnaire results were received by post,8/19/2020,NA,50818,9006,406,406,0.007989295,0.045081057,2356,416,11,11,0.00466893,0.026442308,0.003320365,0.018638749,0.002628878,0.004011852,0.014776731,0.022500768,0.001829184,0.00432248
28032,Date questionnaire results were received by post,10/23/2020,NA,50818,9006,397,397,0.007812193,0.044081723,2356,416,12,12,0.005093379,0.028846154,0.002718814,0.015235569,0.002092904,0.003344724,0.011737833,0.018733306,0.001528833,0.003606459
28032,Date questionnaire results were received by post,10/9/2020,NA,50818,9006,503,503,0.009898068,0.055851654,2356,416,33,33,0.014006791,0.079326923,-0.004108724,-0.023475269,-0.004877629,-0.003339818,-0.027798798,-0.019151739,0.001761447,0.004236063
28032,Date questionnaire results were received by post,7/17/2020,NA,50818,9006,524,524,0.010311307,0.058183433,2356,416,30,30,0.012733447,0.072115385,-0.00242214,-0.013931951,-0.003013002,-0.001831277,-0.017278915,-0.010584988,0.001007031,0.002438147
28032,Date questionnaire results were received by post,9/11/2020,NA,50818,9006,480,480,0.009445472,0.053297801,2356,416,29,29,0.012308998,0.069711538,-0.002863526,-0.016413737,-0.003505831,-0.002221221,-0.020042023,-0.012785451,0.001294827,0.003124042
28032,Date questionnaire results were received by post,9/18/2020,NA,50818,9006,113,113,0.002223622,0.012547191,2356,416,6,6,0.002546689,0.014423077,-3.23E-04,-0.001875886,-5.39E-04,-1.07E-04,-0.003111512,-6.40E-04,6.26E-04,0.001529428
28032,Date questionnaire results were received by post,11/13/2020,NA,50818,9006,124,124,0.00244008,0.013768599,2356,416,7,7,0.002971138,0.016826923,-5.31E-04,-0.003058324,-8.08E-04,-2.54E-04,-0.004635094,-0.001481555,9.34E-04,0.002263815
28032,Date questionnaire results were received by post,8/6/2020,NA,50818,9006,816,816,0.016057303,0.090606262,2356,416,38,38,0.016129032,0.091346154,-7.17E-05,-7.40E-04,-1.74E-04,3.01E-05,-0.001516344,3.66E-05,1.94E-05,8.41E-05
28032,Date questionnaire results were received by post,6/9/2020,NA,50818,9006,162,162,0.003187847,0.017988008,2356,416,5,5,0.002122241,0.012019231,0.001065606,0.005968777,6.73E-04,0.001457781,0.003769225,0.008168329,0.001467823,0.003461017
28032,Date questionnaire results were received by post,6/1/2020,NA,50818,9006,292,292,0.005745996,0.032422829,2356,416,7,7,0.002971138,0.016826923,0.002774858,0.015595906,0.002142547,0.003407169,0.012057697,0.019134116,0.002129078,0.005037427
28032,Date questionnaire results were received by post,6/29/2020,NA,50818,9006,8,8,1.57E-04,8.88E-04,NA,NA,NA,NA,NA,NA,NA,NA,NA,NA,NA,NA,NA,NA
28032,Date questionnaire results were received by post,11/7/2020,NA,50818,9006,119,119,0.00234169,0.013213413,2356,416,7,7,0.002971138,0.016826923,-6.29E-04,-0.00361351,-9.31E-04,-3.28E-04,-0.005326954,-0.001900065,0.001150246,0.002779471
28032,Date questionnaire results were received by post,7/20/2020,NA,50818,9006,6,6,1.18E-04,6.66E-04,NA,NA,NA,NA,NA,NA,NA,NA,NA,NA,NA,NA,NA,NA
28032,Date questionnaire results were received by post,8/4/2020,NA,50818,9006,774,774,0.015230824,0.085942705,2356,416,53,53,0.022495756,0.127403846,-0.007264932,-0.041461141,-0.008285744,-0.00624412,-0.047153825,-0.035768458,0.002016409,0.004843642
28032,Date questionnaire results were received by post,7/14/2020,NA,50818,9006,503,503,0.009898068,0.055851654,2356,416,29,29,0.012308998,0.069711538,-0.002410931,-0.013859884,-0.003000428,-0.001821434,-0.017198302,-0.010521466,0.001043733,0.00252562
28032,Date questionnaire results were received by post,9/8/2020,NA,50818,9006,536,536,0.010547444,0.059515878,2356,416,27,27,0.011460102,0.064903846,-9.13E-04,-0.005387968,-0.001275627,-5.50E-04,-0.007478375,-0.003297561,3.74E-04,9.29E-04
28032,Date questionnaire results were received by post,7/25/2020,NA,50818,9006,15,15,2.95E-04,0.001665556,NA,NA,NA,NA,NA,NA,NA,NA,NA,NA,NA,NA,NA,NA
28032,Date questionnaire results were received by post,10/1/2020,NA,50818,9006,653,653,0.012849778,0.072507217,2356,416,37,37,0.015704584,0.088942308,-0.002854806,-0.01643509,-0.003496136,-0.002213477,-0.020065696,-0.012804484,9.53E-04,0.002309583
28032,Date questionnaire results were received by post,7/21/2020,NA,50818,9006,315,315,0.006198591,0.034976682,2356,416,10,10,0.004244482,0.024038462,0.001954109,0.010938221,0.00142327,0.002484948,0.007968083,0.013908358,0.001383494,0.003259983
28032,Date questionnaire results were received by post,10/17/2020,NA,50818,9006,27,27,5.31E-04,0.002998001,NA,NA,NA,NA,NA,NA,NA,NA,NA,NA,NA,NA,NA,NA
28032,Date questionnaire results were received by post,6/25/2020,NA,50818,9006,160,160,0.003148491,0.017765934,2356,416,9,9,0.003820034,0.021634615,-6.72E-04,-0.003868682,-9.83E-04,-3.60E-04,-0.005641366,-0.002095998,9.15E-04,0.002219841
28032,Date questionnaire results were received by post,10/13/2020,NA,50818,9006,320,320,0.006296981,0.035531868,2356,416,11,11,0.00466893,0.026442308,0.001628051,0.00908956,0.00114344,0.002112662,0.006379492,0.011799628,0.001132561,0.00266179
28032,Date questionnaire results were received by post,6/16/2020,NA,50818,9006,463,463,0.009110945,0.051410171,2356,416,24,24,0.010186757,0.057692308,-0.001075812,-0.006282137,-0.001469859,-6.82E-04,-0.008538332,-0.004025941,5.09E-04,0.001251741
28032,Date questionnaire results were received by post,11/18/2020,NA,50818,9006,904,904,0.017788972,0.100377526,2356,416,23,23,0.009762309,0.055288462,0.008026663,0.045089065,0.00695408,0.009099247,0.039163789,0.051014341,0.001987762,0.00470053
28032,Date questionnaire results were received by post,6/26/2020,NA,50818,9006,176,176,0.00346334,0.019542527,2356,416,6,6,0.002546689,0.014423077,9.17E-04,0.00511945,5.53E-04,0.001280411,0.003081523,0.007157378,0.001159641,0.002726345
28032,Date questionnaire results were received by post,8/25/2020,NA,50818,9006,883,883,0.017375733,0.098045747,2356,416,36,36,0.015280136,0.086538462,0.002095597,0.011507286,0.001545915,0.00264528,0.008461743,0.014552829,5.26E-04,0.00121507
28032,Date questionnaire results were received by post,9/2/2020,NA,50818,9006,772,772,0.015191468,0.085720631,2356,416,57,57,0.024193548,0.137019231,-0.009002081,-0.0512986,-0.010137409,-0.007866753,-0.057598143,-0.044999057,0.002486531,0.005963888
28032,Date questionnaire results were received by post,7/22/2020,NA,50818,9006,400,400,0.007871227,0.044414835,2356,416,20,20,0.008488964,0.048076923,-6.18E-04,-0.003662089,-9.16E-04,-3.19E-04,-0.00538697,-0.001937207,3.39E-04,8.46E-04
28032,Date questionnaire results were received by post,10/7/2020,NA,50818,9006,653,652,0.012849778,0.07239618,2356,416,30,30,0.012733447,0.072115385,1.16E-04,2.81E-04,-1.33E-05,2.46E-04,-1.98E-04,7.59E-04,3.93E-05,4.00E-05
28032,Date questionnaire results were received by post,6/23/2020,NA,50818,9006,347,347,0.006828289,0.038529869,2356,416,17,17,0.00721562,0.040865385,-3.87E-04,-0.002335516,-6.24E-04,-1.51E-04,-0.003713915,-9.57E-04,2.45E-04,6.23E-04
28032,Date questionnaire results were received by post,10/30/2020,NA,50818,9006,428,428,0.008422213,0.047523873,2356,416,29,29,0.012308998,0.069711538,-0.003886786,-0.022187665,-0.004634719,-0.003138852,-0.026393722,-0.017981609,0.001952772,0.004691997
28032,Date questionnaire results were received by post,9/25/2020,NA,50818,9006,392,392,0.007713802,0.043526538,2356,416,12,12,0.005093379,0.028846154,0.002620424,0.014680384,0.002005913,0.003234934,0.011246,0.018114768,0.001491931,0.003518488
28032,Date questionnaire results were received by post,7/16/2020,NA,50818,9006,553,553,0.010881971,0.061403509,2356,416,19,19,0.008064516,0.045673077,0.002817455,0.015730432,0.002180323,0.003454587,0.012177238,0.019283626,0.001134177,0.002665642
28032,Date questionnaire results were received by post,10/8/2020,NA,50818,9006,546,546,0.010744224,0.060626249,2356,416,25,25,0.010611205,0.060096154,1.33E-04,5.30E-04,-5.61E-06,2.72E-04,-1.27E-04,0.00118738,5.37E-05,9.01E-05
28032,Date questionnaire results were received by post,11/19/2020,NA,50818,9006,179,179,0.003522374,0.019875638,2356,416,5,5,0.002122241,0.012019231,0.001400133,0.007856408,9.51E-04,0.001849596,0.005335303,0.010377512,0.001748642,0.004130471
28032,Date questionnaire results were received by post,9/4/2020,NA,50818,9006,862,862,0.016962494,0.095713968,2356,416,45,45,0.01910017,0.108173077,-0.002137676,-0.012459108,-0.002692838,-0.001582514,-0.015626579,-0.009291638,5.43E-04,0.001332901
28032,Date questionnaire results were received by post,8/20/2020,NA,50818,9006,156,156,0.003069778,0.017321785,2356,416,8,8,0.003395586,0.019230769,-3.26E-04,-0.001908984,-5.43E-04,-1.09E-04,-0.003155442,-6.63E-04,4.58E-04,0.001129587
28032,Date questionnaire results were received by post,8/28/2020,NA,50818,9006,395,395,0.007772836,0.043859649,2356,416,8,8,0.003395586,0.019230769,0.004377251,0.02462888,0.003583724,0.005170777,0.020203008,0.029054752,0.00248714,0.005891064
28032,Date questionnaire results were received by post,9/10/2020,NA,50818,9006,585,585,0.011511669,0.064956696,2356,416,28,28,0.01188455,0.067307692,-3.73E-04,-0.002350997,-6.05E-04,-1.41E-04,-0.003733947,-9.68E-04,1.40E-04,3.72E-04
28032,Date questionnaire results were received by post,8/11/2020,NA,50818,9006,482,482,0.009484828,0.053519876,2356,416,27,27,0.011460102,0.064903846,-0.001975274,-0.011383971,-0.002508974,-0.001441573,-0.01441334,-0.008354601,8.94E-04,0.002168907
28032,Date questionnaire results were received by post,5/27/2020,NA,50818,9006,127,127,0.002499114,0.01410171,2356,416,12,12,0.005093379,0.028846154,-0.002594264,-0.014744444,-0.003205708,-0.00198282,-0.018186201,-0.011302687,0.004216738,0.010085999
28032,Date questionnaire results were received by post,8/12/2020,NA,50818,9006,526,526,0.010350663,0.058405507,2356,416,22,22,0.009337861,0.052884615,0.001012802,0.005520892,6.30E-04,0.001395148,0.003404998,0.007636787,4.26E-04,9.78E-04
28032,Date questionnaire results were received by post,6/20/2020,NA,50818,9006,201,201,0.003955291,0.022318454,2356,416,9,9,0.003820034,0.021634615,1.35E-04,6.84E-04,-4.53E-06,2.75E-04,-6.26E-05,0.001430322,1.49E-04,3.16E-04
28032,Date questionnaire results were received by post,8/14/2020,NA,50818,9006,484,484,0.009524184,0.05374195,2356,416,30,30,0.012733447,0.072115385,-0.003209262,-0.018373435,-0.00388912,-0.002529404,-0.022208386,-0.014538483,0.001436417,0.003461479
28032,Date questionnaire results were received by post,10/21/2020,NA,50818,9006,891,891,0.017533158,0.098934044,2356,416,31,31,0.013157895,0.074519231,0.004375263,0.024414813,0.003581916,0.00516861,0.020007734,0.028821892,0.001092794,0.002566991
28032,Date questionnaire results were received by post,6/6/2020,NA,50818,9006,281,281,0.005529537,0.031201421,2356,416,14,14,0.005942275,0.033653846,-4.13E-04,-0.002452425,-6.57E-04,-1.69E-04,-0.00386482,-0.00104003,3.23E-04,8.07E-04
28032,Date questionnaire results were received by post,6/3/2020,NA,50818,9006,360,360,0.007084104,0.039973351,2356,416,11,11,0.00466893,0.026442308,0.002415174,0.013531043,0.001825159,0.003005188,0.010231917,0.016830169,0.001497356,0.003531421
28032,Date questionnaire results were received by post,10/27/2020,NA,50818,9006,752,752,0.014797906,0.083499889,2356,416,47,47,0.019949066,0.112980769,-0.00515116,-0.02948088,-0.006011647,-0.004290673,-0.034311066,-0.024650695,0.001482962,0.003572403
28032,Date questionnaire results were received by post,10/16/2020,NA,50818,9006,128,128,0.002518793,0.014212747,2356,416,5,5,0.002122241,0.012019231,3.97E-04,0.002193516,1.57E-04,6.36E-04,8.58E-04,0.003529451,6.87E-04,0.001600072
28032,Date questionnaire results were received by post,11/4/2020,NA,50818,9006,489,489,0.009622575,0.054297135,2356,416,23,23,0.009762309,0.055288462,-1.40E-04,-9.91E-04,-2.82E-04,2.35E-06,-0.001889964,-9.27E-05,6.29E-05,1.88E-04
28032,Date questionnaire results were received by post,7/28/2020,NA,50818,9006,636,636,0.012515251,0.070619587,2356,416,27,27,0.011460102,0.064903846,0.001055149,0.005715741,6.65E-04,0.001445397,0.003563043,0.007868439,3.67E-04,8.37E-04
28032,Date questionnaire results were received by post,8/5/2020,NA,50818,9006,862,862,0.016962494,0.095713968,2356,416,47,47,0.019949066,0.112980769,-0.002986573,-0.017266801,-0.003642492,-0.002330653,-0.020986564,-0.013547038,7.57E-04,0.001842579
28032,Date questionnaire results were received by post,10/29/2020,NA,50818,9006,646,646,0.012712031,0.071729958,2356,416,37,37,0.015704584,0.088942308,-0.002992553,-0.01721235,-0.003649127,-0.002335979,-0.020926346,-0.013498354,0.001009188,0.00244329
28032,Date questionnaire results were received by post,9/29/2020,NA,50818,9006,746,746,0.014679838,0.082833666,2356,416,57,57,0.024193548,0.137019231,-0.009513711,-0.054185564,-0.010680554,-0.008346867,-0.060650085,-0.047721044,0.002709349,0.00649481
28032,Date questionnaire results were received by post,9/14/2020,NA,50818,9006,5,5,9.84E-05,5.55E-04,NA,NA,NA,NA,NA,NA,NA,NA,NA,NA,NA,NA,NA,NA
28032,Date questionnaire results were received by post,7/7/2020,NA,50818,9006,789,789,0.015525995,0.087608261,2356,416,47,47,0.019949066,0.112980769,-0.004423071,-0.025372508,-0.005220722,-0.003625421,-0.029862986,-0.02088203,0.001217982,0.002940902
28032,Date questionnaire results were received by post,9/21/2020,NA,50818,9006,5,5,9.84E-05,5.55E-04,NA,NA,NA,NA,NA,NA,NA,NA,NA,NA,NA,NA,NA,NA
28032,Date questionnaire results were received by post,6/18/2020,NA,50818,9006,431,431,0.008481247,0.047856984,2356,416,16,16,0.006791171,0.038461538,0.001690075,0.009395446,0.001196334,0.002183816,0.00664058,0.012150311,8.71E-04,0.002038554
28032,Date questionnaire results were received by post,9/23/2020,NA,50818,9006,980,980,0.019284505,0.108816345,2356,416,25,25,0.010611205,0.060096154,0.0086733,0.048720191,0.007558713,0.009787887,0.042572668,0.054867714,0.001981254,0.004685014
28032,Date questionnaire results were received by post,7/2/2020,NA,50818,9006,423,423,0.008323822,0.046968688,2356,416,10,10,0.004244482,0.024038462,0.00407934,0.022930226,0.003313178,0.004845502,0.01865599,0.027204462,0.002161008,0.005113549
28032,Date questionnaire results were received by post,11/11/2020,NA,50818,9006,417,417,0.008205754,0.046302465,2356,416,12,12,0.005093379,0.028846154,0.003112375,0.017456311,0.002442826,0.003781924,0.013716551,0.021196071,0.001667709,0.00393753
28032,Date questionnaire results were received by post,7/24/2020,NA,50818,9006,133,133,0.002617183,0.014767932,2356,416,5,5,0.002122241,0.012019231,4.95E-04,0.002748702,2.28E-04,7.62E-04,0.001253645,0.004243758,8.26E-04,0.001931957
28032,Date questionnaire results were received by post,6/30/2020,NA,50818,9006,686,686,0.013499154,0.076171441,2356,416,29,29,0.012308998,0.069711538,0.001190156,0.006459903,7.76E-04,0.001604591,0.004172213,0.008747593,3.84E-04,8.77E-04
28032,Date questionnaire results were received by post,11/20/2020,NA,50818,9006,399,399,0.007851549,0.044303797,2356,416,7,7,0.002971138,0.016826923,0.004880411,0.027476874,0.004042729,0.005718093,0.022808935,0.032144813,0.002748245,0.006513558
28032,Date questionnaire results were received by post,6/8/2020,NA,50818,9006,191,191,0.003758511,0.021208083,2356,416,12,12,0.005093379,0.028846154,-0.001334868,-0.00763807,-0.001773745,-8.96E-04,-0.010124169,-0.005151971,0.001512414,0.003642591
28032,Date questionnaire results were received by post,10/15/2020,NA,50818,9006,148,148,0.002912354,0.016433489,2356,416,6,6,0.002546689,0.014423077,3.66E-04,0.002010412,1.36E-04,5.95E-04,7.31E-04,0.00328949,5.47E-04,0.001266769
28032,Date questionnaire results were received by post,7/9/2020,NA,50818,9006,762,762,0.014994687,0.08461026,2356,416,39,39,0.01655348,0.09375,-0.001558794,-0.00913974,-0.002033002,-0.001084585,-0.01185721,-0.006422271,4.49E-04,0.001107304
28032,Date questionnaire results were received by post,7/29/2020,NA,50818,9006,1073,1073,0.021114566,0.119142794,2356,416,24,24,0.010186757,0.057692308,0.010927808,0.061450486,0.009678142,0.012177474,0.054592718,0.068308254,0.002283555,0.005405705
28032,Date questionnaire results were received by post,9/9/2020,NA,50818,9006,533,533,0.01048841,0.059182767,2356,416,35,35,0.014855688,0.084134615,-0.004367278,-0.024951848,-0.005159904,-0.003574652,-0.029405907,-0.02049779,0.001766772,0.004248754
28032,Date questionnaire results were received by post,5/28/2020,NA,50818,9006,225,225,0.004427565,0.024983344,2356,416,16,16,0.006791171,0.038461538,-0.002363606,-0.013478194,-0.002947303,-0.00177991,-0.016770959,-0.010185429,0.002248647,0.00539705
28032,Date questionnaire results were received by post,6/24/2020,NA,50818,9006,345,345,0.006788933,0.038307795,2356,416,11,11,0.00466893,0.026442308,0.002120003,0.011865487,0.001567136,0.00267287,0.008773467,0.014957508,0.001370301,0.003228533
28032,Date questionnaire results were received by post,9/15/2020,NA,50818,9006,398,398,0.007831871,0.04419276,2356,416,13,13,0.005517827,0.03125,0.002314044,0.01294276,0.001736485,0.002891602,0.009715187,0.016170334,0.001295856,0.003051064
28032,Date questionnaire results were received by post,6/19/2020,NA,50818,9006,483,483,0.009504506,0.053630913,2356,416,32,32,0.013582343,0.076923077,-0.004077837,-0.023292164,-0.004843858,-0.003311815,-0.027599203,-0.018985125,0.001819065,0.004373372
28032,Date questionnaire results were received by post,5/30/2020,NA,50818,9006,305,305,0.00600181,0.033866311,2356,416,21,21,0.008913413,0.050480769,-0.002911602,-0.016614458,-0.003559261,-0.002263943,-0.020264489,-0.012964427,0.002049746,0.004923084
28032,Date questionnaire results were received by post,9/5/2020,NA,50818,9006,191,191,0.003758511,0.021208083,2356,416,12,12,0.005093379,0.028846154,-0.001334868,-0.00763807,-0.001773745,-8.96E-04,-0.010124169,-0.005151971,0.001512414,0.003642591
28032,Date questionnaire results were received by post,9/19/2020,NA,50818,9006,25,25,4.92E-04,0.002775927,NA,NA,NA,NA,NA,NA,NA,NA,NA,NA,NA,NA,NA,NA
28032,Date questionnaire results were received by post,10/22/2020,NA,50818,9006,196,196,0.003856901,0.021763269,2356,416,5,5,0.002122241,0.012019231,0.00173466,0.009744038,0.00123446,0.00223486,0.006939026,0.01254905,0.001981254,0.004685014
28032,Date questionnaire results were received by post,6/17/2020,NA,50818,9006,522,522,0.010271951,0.057961359,2356,416,28,28,0.01188455,0.067307692,-0.001612599,-0.009346333,-0.002094909,-0.001130289,-0.012094057,-0.006598609,6.76E-04,0.0016486
28032,Date questionnaire results were received by post,9/17/2020,NA,50818,9006,207,207,0.00407336,0.022984677,2356,416,5,5,0.002122241,0.012019231,0.001951119,0.010965446,0.001420685,0.002481553,0.007991655,0.013939237,0.002111575,0.0049957
28032,Date questionnaire results were received by post,7/1/2020,NA,50818,9006,828,828,0.016293439,0.091938708,2356,416,25,25,0.010611205,0.060096154,0.005682234,0.031842554,0.004778718,0.006585749,0.026828737,0.036856371,0.001532036,0.003614096
28032,Date questionnaire results were received by post,9/30/2020,NA,50818,9006,833,833,0.01639183,0.092493893,2356,416,34,34,0.014431239,0.081730769,0.00196059,0.010763124,0.001428873,0.002492307,0.007816594,0.013709654,5.21E-04,0.001204663
28032,Date questionnaire results were received by post,11/26/2020,NA,50818,9006,14,14,2.75E-04,0.001554519,NA,NA,NA,NA,NA,NA,NA,NA,NA,NA,NA,NA,NA,NA
28032,Date questionnaire results were received by post,11/10/2020,NA,50818,9006,256,256,0.005037585,0.028425494,2356,416,8,8,0.003395586,0.019230769,0.001641999,0.009194725,0.00115532,0.002128679,0.006469169,0.011920281,0.00143092,0.003373042
28032,Date questionnaire results were received by post,9/24/2020,NA,50818,9006,192,192,0.003778189,0.021319121,2356,416,6,6,0.002546689,0.014423077,0.0012315,0.006896044,8.10E-04,0.001653063,0.004532907,0.009259181,0.00143092,0.003373042
28032,Date questionnaire results were received by post,5/29/2020,NA,50818,9006,260,260,0.005116297,0.028869642,2356,416,18,18,0.007640068,0.043269231,-0.002523771,-0.014399588,-0.003126871,-0.00192067,-0.017801453,-0.010997724,0.00208316,0.005002707
28032,Date questionnaire results were received by post,8/18/2020,NA,50818,9006,355,355,0.006985714,0.039418166,2356,416,15,15,0.006366723,0.036057692,6.19E-04,0.003360473,3.20E-04,9.18E-04,0.0017079,0.005013047,3.86E-04,8.81E-04
28032,Date questionnaire results were received by post,7/10/2020,NA,50818,9006,436,436,0.008579637,0.04841217,2356,416,28,28,0.01188455,0.067307692,-0.003304913,-0.018895523,-0.003994795,-0.002615031,-0.022783544,-0.015007501,0.001637483,0.003940647
28032,Date questionnaire results were received by post,10/20/2020,NA,50818,9006,747,747,0.014699516,0.082944704,2356,416,26,26,0.011035654,0.0625,0.003663862,0.020444704,0.002937613,0.004390112,0.016403633,0.024485774,0.001091506,0.00256392
28032,Date questionnaire results were received by post,10/28/2020,NA,50818,9006,872,872,0.017159274,0.096824339,2356,416,41,41,0.017402377,0.098557692,-2.43E-04,-0.001733353,-4.30E-04,-5.57E-05,-0.002921194,-5.46E-04,6.14E-05,1.84E-04
28032,Date questionnaire results were received by post,9/22/2020,NA,50818,9006,784,784,0.015427604,0.087053076,2356,416,31,31,0.013157895,0.074519231,0.00226971,0.012533845,0.001697698,0.002841722,0.009357009,0.015710681,6.42E-04,0.001492127
28032,Date questionnaire results were received by post,8/7/2020,NA,50818,9006,505,505,0.009937424,0.056073729,2356,416,33,33,0.014006791,0.079326923,-0.004069367,-0.023253194,-0.004834596,-0.003304138,-0.027556715,-0.018949674,0.001738249,0.004180781
28032,Date questionnaire results were received by post,6/4/2020,NA,50818,9006,344,344,0.006769255,0.038196758,2356,416,22,22,0.009337861,0.052884615,-0.002568606,-0.014687858,-0.003177026,-0.001960186,-0.018123102,-0.011252613,0.001613576,0.003883673
28032,Date questionnaire results were received by post,11/5/2020,NA,50818,9006,512,512,0.01007517,0.056850988,2356,416,24,24,0.010186757,0.057692308,-1.12E-04,-8.41E-04,-2.39E-04,1.54E-05,-0.001669241,-1.34E-05,4.80E-05,1.52E-04
28032,Date questionnaire results were received by post,11/3/2020,NA,50818,9006,399,399,0.007851549,0.044303797,2356,416,25,25,0.010611205,0.060096154,-0.002759657,-0.015792356,-0.003390238,-0.002129076,-0.019352425,-0.012232288,0.001497064,0.00360601
28032,Date questionnaire results were received by post,7/3/2020,NA,50818,9006,320,320,0.006296981,0.035531868,2356,416,7,7,0.002971138,0.016826923,0.003325844,0.018704945,0.002633788,0.004017899,0.014836204,0.022573685,0.002330939,0.005518671
28032,Date questionnaire results were received by post,7/11/2020,NA,50818,9006,84,84,0.001652958,0.009327115,2356,416,8,8,0.003395586,0.019230769,-0.001742628,-0.009903654,-0.002243974,-0.001241283,-0.012731319,-0.007075989,0.004276943,0.010229411
28032,Date questionnaire results were received by post,7/15/2020,NA,50818,9006,530,530,0.010429375,0.058849656,2356,416,29,29,0.012308998,0.069711538,-0.001879623,-0.010861883,-0.002400266,-0.00135898,-0.013821752,-0.007902013,7.75E-04,0.001884768
28032,Date questionnaire results were received by post,6/5/2020,NA,50818,9006,346,346,0.006808611,0.038418832,2356,416,22,22,0.009337861,0.052884615,-0.00252925,-0.014465783,-0.003133003,-0.001925497,-0.017875344,-0.011056223,0.001580407,0.003804628
28032,Date questionnaire results were received by post,7/8/2020,NA,50818,9006,931,931,0.01832028,0.103375527,2356,416,60,60,0.025466893,0.144230769,-0.007146613,-0.040855242,-0.008159139,-0.006134087,-0.046507962,-0.035202521,0.001657786,0.003989031
28032,Date questionnaire results were received by post,11/6/2020,NA,50818,9006,542,542,0.010665512,0.060182101,2356,416,34,34,0.014431239,0.081730769,-0.003765727,-0.021548668,-0.004501966,-0.003029489,-0.02569507,-0.017402267,0.001503722,0.003621878
28032,Date questionnaire results were received by post,8/17/2020,NA,50818,9006,52,52,0.001023259,0.005773928,2356,416,6,6,0.002546689,0.014423077,-0.00152343,-0.008649148,-0.001992236,-0.001054623,-0.011293334,-0.006004963,0.005821167,0.013907203
28032,Date questionnaire results were received by post,9/3/2020,NA,50818,9006,907,907,0.017848007,0.100710637,2356,416,42,42,0.017826825,0.100961538,2.12E-05,-2.51E-04,-3.41E-05,7.65E-05,-7.03E-04,2.01E-04,5.15E-06,2.57E-05
28032,Date questionnaire results were received by post,8/26/2020,NA,50818,9006,862,861,0.016962494,0.095602931,2356,416,23,23,0.009762309,0.055288462,0.007200185,0.04031447,0.006183898,0.008216471,0.034697702,0.045931238,0.001868684,0.004409555
28033,Date questionnaire results were received by website,11/12/2020,NA,789,605,5,5,0.006337136,0.008264463,NA,NA,NA,NA,NA,NA,NA,NA,NA,NA,NA,NA,NA,NA
28033,Date questionnaire results were received by website,10/14/2020,NA,789,605,9,9,0.011406844,0.014876033,NA,NA,NA,NA,NA,NA,NA,NA,NA,NA,NA,NA,NA,NA
28033,Date questionnaire results were received by website,11/11/2020,NA,789,605,8,8,0.010139417,0.01322314,NA,NA,NA,NA,NA,NA,NA,NA,NA,NA,NA,NA,NA,NA
28033,Date questionnaire results were received by website,11/9/2020,NA,789,605,21,21,0.02661597,0.034710744,NA,NA,NA,NA,NA,NA,NA,NA,NA,NA,NA,NA,NA,NA
28033,Date questionnaire results were received by website,11/23/2020,NA,789,605,13,13,0.016476553,0.021487603,NA,NA,NA,NA,NA,NA,NA,NA,NA,NA,NA,NA,NA,NA
28033,Date questionnaire results were received by website,10/21/2020,NA,789,605,5,5,0.006337136,0.008264463,NA,NA,NA,NA,NA,NA,NA,NA,NA,NA,NA,NA,NA,NA
28033,Date questionnaire results were received by website,11/5/2020,NA,789,605,34,34,0.043092522,0.056198347,NA,NA,NA,NA,NA,NA,NA,NA,NA,NA,NA,NA,NA,NA
28033,Date questionnaire results were received by website,9/29/2020,NA,789,605,16,16,0.020278834,0.026446281,NA,NA,NA,NA,NA,NA,NA,NA,NA,NA,NA,NA,NA,NA
28033,Date questionnaire results were received by website,9/28/2020,NA,789,605,22,22,0.027883397,0.036363636,NA,NA,NA,NA,NA,NA,NA,NA,NA,NA,NA,NA,NA,NA
28033,Date questionnaire results were received by website,10/29/2020,NA,789,605,19,19,0.024081115,0.031404959,NA,NA,NA,NA,NA,NA,NA,NA,NA,NA,NA,NA,NA,NA
28033,Date questionnaire results were received by website,9/30/2020,NA,789,605,14,14,0.01774398,0.023140496,NA,NA,NA,NA,NA,NA,NA,NA,NA,NA,NA,NA,NA,NA
28033,Date questionnaire results were received by website,10/7/2020,NA,789,605,23,23,0.029150824,0.038016529,NA,NA,NA,NA,NA,NA,NA,NA,NA,NA,NA,NA,NA,NA
28033,Date questionnaire results were received by website,10/20/2020,NA,789,605,44,44,0.055766793,0.072727273,NA,NA,NA,NA,NA,NA,NA,NA,NA,NA,NA,NA,NA,NA
28033,Date questionnaire results were received by website,11/2/2020,NA,789,605,28,28,0.035487959,0.046280992,NA,NA,NA,NA,NA,NA,NA,NA,NA,NA,NA,NA,NA,NA
28033,Date questionnaire results were received by website,10/1/2020,NA,789,605,7,7,0.00887199,0.011570248,NA,NA,NA,NA,NA,NA,NA,NA,NA,NA,NA,NA,NA,NA
28147,COVID-19 symptoms: Fever 38 degrees C or greater,0,No,7583,7583,7278,7278,0.959778452,0.959778452,339,339,316,316,0.932153392,0.932153392,0.027625059,0.027625059,0.022521018,0.032729101,0.022521018,0.032729101,3.24E-04,3.24E-04
28147,COVID-19 symptoms: Fever 38 degrees C or greater,1,Yes,7583,7583,265,265,0.034946591,0.034946591,339,339,20,20,0.05899705,0.05899705,-0.024050459,-0.024050459,-0.028821587,-0.019279331,-0.028821587,-0.019279331,0.007443149,0.007443149
28148,COVID-19 symptoms: Wheezing,0,No,7583,7583,7145,7145,0.942239219,0.942239219,339,339,309,309,0.911504425,0.911504425,0.030734795,0.030734795,0.025359749,0.03610984,0.025359749,0.03610984,3.67E-04,3.67E-04
28148,COVID-19 symptoms: Wheezing,1,Yes,7583,7583,412,412,0.054332059,0.054332059,339,339,29,29,0.085545723,0.085545723,-0.031213664,-0.031213664,-0.036629083,-0.025798245,-0.036629083,-0.025798245,0.006259577,0.006259577
28149,COVID-19 symptoms: Chills,0,No,7583,7583,6845,6845,0.902677041,0.902677041,339,339,297,297,0.876106195,0.876106195,0.026570846,0.026570846,0.021562428,0.031579264,0.021562428,0.031579264,3.31E-04,3.31E-04
28149,COVID-19 symptoms: Chills,1,Yes,7583,7583,701,701,0.092443624,0.092443624,339,339,40,40,0.1179941,0.1179941,-0.025550476,-0.025550476,-0.03046436,-0.020636593,-0.03046436,-0.020636593,0.00306433,0.00306433
28150,COVID-19 symptoms: Chest pain,0,No,7583,7583,7264,7264,0.957932217,0.957932217,339,339,315,315,0.92920354,0.92920354,0.028728677,0.028728677,0.023526636,0.033930718,0.023526636,0.033930718,3.37E-04,3.37E-04
28150,COVID-19 symptoms: Chest pain,1,Yes,7583,7583,293,293,0.038639061,0.038639061,339,339,23,23,0.067846608,0.067846608,-0.029207547,-0.029207547,-0.034451471,-0.023963622,-0.034451471,-0.023963622,0.008137822,0.008137822
28151,COVID-19 symptoms: Feeling more tired than usual,-121,Do not remember,7583,7583,47,47,0.006198075,0.006198075,NA,NA,NA,NA,NA,NA,NA,NA,NA,NA,NA,NA,NA,NA
28151,COVID-19 symptoms: Feeling more tired than usual,1,Yes,7583,7583,2013,2013,0.265462218,0.265462218,339,339,106,106,0.312684366,0.312684366,-0.047222148,-0.047222148,-0.053827779,-0.040616516,-0.053827779,-0.040616516,0.001982235,0.001982235
28151,COVID-19 symptoms: Feeling more tired than usual,0,No,7583,7583,5523,5523,0.728339707,0.728339707,339,339,233,233,0.687315634,0.687315634,0.041024073,0.041024073,0.034847197,0.047200949,0.034847197,0.047200949,6.34E-04,6.34E-04
28152,COVID-19 symptoms: Headache,0,No,7583,7583,5812,5812,0.766451273,0.766451273,339,339,240,240,0.707964602,0.707964602,0.058486671,0.058486671,0.051178859,0.065794483,0.051178859,0.065794483,8.60E-04,8.60E-04
28152,COVID-19 symptoms: Headache,1,Yes,7583,7583,1734,1734,0.228669392,0.228669392,339,339,98,98,0.289085546,0.289085546,-0.060416154,-0.060416154,-0.067835916,-0.052996392,-0.067835916,-0.052996392,0.002931155,0.002931155
28153,COVID-19 symptoms: Muscle ache,1,Yes,7583,7583,1378,1378,0.181722274,0.181722274,339,339,71,71,0.209439528,0.209439528,-0.027717255,-0.027717255,-0.032829563,-0.022604946,-0.032829563,-0.022604946,0.001701747,0.001701747
28153,COVID-19 symptoms: Muscle ache,0,No,7583,7583,6165,6165,0.813002769,0.813002769,339,339,265,265,0.781710914,0.781710914,0.031291855,0.031291855,0.025869876,0.036713834,0.025869876,0.036713834,4.33E-04,4.33E-04
28154,COVID-19 symptoms: Nausea/vomiting,0,No,7583,7583,7232,7232,0.953712251,0.953712251,339,339,320,320,0.943952802,0.943952802,0.009759449,0.009759449,0.006697988,0.012820909,0.006697988,0.012820909,1.15E-04,1.15E-04
28154,COVID-19 symptoms: Nausea/vomiting,1,Yes,7583,7583,333,333,0.043914018,0.043914018,339,339,18,18,0.053097345,0.053097345,-0.009183327,-0.009183327,-0.012153914,-0.006212739,-0.012153914,-0.006212739,0.002326637,0.002326637
28155,COVID-19 symptoms: Sore throat,1,Yes,7583,7583,1547,1547,0.204008967,0.204008967,339,339,75,75,0.221238938,0.221238938,-0.017229971,-0.017229971,-0.021282385,-0.013177556,-0.021282385,-0.013177556,9.45E-04,9.45E-04
28155,COVID-19 symptoms: Sore throat,0,No,7583,7583,6000,6000,0.791243571,0.791243571,339,339,263,263,0.775811209,0.775811209,0.015432362,0.015432362,0.011593658,0.019271066,0.011593658,0.019271066,2.19E-04,2.19E-04
28156,COVID-19 symptoms: Abdominal pain,1,Yes,7583,7583,426,426,0.056178294,0.056178294,339,339,27,27,0.079646018,0.079646018,-0.023467724,-0.023467724,-0.028182103,-0.018753346,-0.028182103,-0.018753346,0.004595124,0.004595124
28156,COVID-19 symptoms: Abdominal pain,0,No,7583,7583,7130,7130,0.94026111,0.94026111,339,339,310,310,0.914454277,0.914454277,0.025806833,0.025806833,0.02086901,0.030744657,0.02086901,0.030744657,3.09E-04,3.09E-04
28157,COVID-19 symptoms: Persistent dry cough,0,No,7583,7583,6873,6873,0.906369511,0.906369511,339,339,303,303,0.89380531,0.89380531,0.012564201,0.012564201,0.009095495,0.016032907,0.009095495,0.016032907,1.56E-04,1.56E-04
28157,COVID-19 symptoms: Persistent dry cough,-121,Do not remember,7583,7583,29,29,0.003824344,0.003824344,NA,NA,NA,NA,NA,NA,NA,NA,NA,NA,NA,NA,NA,NA
28157,COVID-19 symptoms: Persistent dry cough,1,Yes,7583,7583,681,681,0.089806145,0.089806145,339,339,36,36,0.10619469,0.10619469,-0.016388545,-0.016388545,-0.020342463,-0.012434627,-0.020342463,-0.012434627,0.002033046,0.002033046
28158,COVID-19 symptoms: Diarrhoea,0,No,7583,7583,6878,6878,0.90702888,0.90702888,339,339,299,299,0.8820059,0.8820059,0.025022981,0.025022981,0.02015877,0.029887191,0.02015877,0.029887191,3.10E-04,3.10E-04
28158,COVID-19 symptoms: Diarrhoea,-121,Do not remember,7583,7583,32,32,0.004219966,0.004219966,NA,NA,NA,NA,NA,NA,NA,NA,NA,NA,NA,NA,NA,NA
28158,COVID-19 symptoms: Diarrhoea,1,Yes,7583,7583,673,673,0.088751154,0.088751154,339,339,40,40,0.1179941,0.1179941,-0.029242946,-0.029242946,-0.034489952,-0.023995941,-0.034489952,-0.023995941,0.003642605,0.003642605
28159,COVID-19 symptoms: Runny nose,0,No,7583,7583,5206,5206,0.686535672,0.686535672,339,339,247,247,0.728613569,0.728613569,-0.042077897,-0.042077897,-0.048330168,-0.035825627,-0.048330168,-0.035825627,6.87E-04,6.87E-04
28159,COVID-19 symptoms: Runny nose,1,Yes,7583,7583,2325,2325,0.306606884,0.306606884,339,339,92,92,0.271386431,0.271386431,0.035220453,0.035220453,0.029479855,0.040961052,0.029479855,0.040961052,0.001296633,0.001296633
28159,COVID-19 symptoms: Runny nose,-121,Do not remember,7583,7583,52,52,0.006857444,0.006857444,NA,NA,NA,NA,NA,NA,NA,NA,NA,NA,NA,NA,NA,NA
28160,COVID-19 symptoms: Loss of sense of small and taste,-121,Do not remember,7583,7583,30,30,0.003956218,0.003956218,NA,NA,NA,NA,NA,NA,NA,NA,NA,NA,NA,NA,NA,NA
28160,COVID-19 symptoms: Loss of sense of small and taste,0,No,7583,7583,7155,7155,0.943557959,0.943557959,339,339,312,312,0.920353982,0.920353982,0.023203976,0.023203976,0.018515531,0.027892421,0.018515531,0.027892421,2.77E-04,2.77E-04
28160,COVID-19 symptoms: Loss of sense of small and taste,1,Yes,7583,7583,398,398,0.052485824,0.052485824,339,339,27,27,0.079646018,0.079646018,-0.027160194,-0.027160194,-0.032222318,-0.02209807,-0.032222318,-0.02209807,0.005658398,0.005658398
28161,COVID-19 symptoms: Shortness of breath,1,Yes,7583,7583,673,673,0.088751154,0.088751154,339,339,40,40,0.1179941,0.1179941,-0.029242946,-0.029242946,-0.034489952,-0.023995941,-0.034489952,-0.023995941,0.003642605,0.003642605
28161,COVID-19 symptoms: Shortness of breath,0,No,7583,7583,6889,6889,0.908479494,0.908479494,339,339,298,298,0.879056047,0.879056047,0.029423446,0.029423446,0.024160762,0.034686131,0.024160762,0.034686131,3.64E-04,3.64E-04
28162,COVID-19 symptoms: Productive long-term cough ('wet' or chesty),-121,Do not remember,7583,7583,24,24,0.003164974,0.003164974,NA,NA,NA,NA,NA,NA,NA,NA,NA,NA,NA,NA,NA,NA
28162,COVID-19 symptoms: Productive long-term cough ('wet' or chesty),1,Yes,7583,7583,616,616,0.08123434,0.08123434,339,339,27,27,0.079646018,0.079646018,0.001588322,0.001588322,3.48E-04,0.00282846,3.48E-04,0.00282846,2.20E-04,2.20E-04
28162,COVID-19 symptoms: Productive long-term cough ('wet' or chesty),0,No,7583,7583,6943,6943,0.915600686,0.915600686,339,339,312,312,0.920353982,0.920353982,-0.004753297,-0.004753297,-0.006895242,-0.002611351,-0.006895242,-0.002611351,5.83E-05,5.83E-05
28163,COVID-19 symptoms requiring medical attention,0,No,7583,7583,6350,6350,0.837399446,0.837399446,339,339,275,275,0.81120944,0.81120944,0.026190007,0.026190007,0.021216639,0.031163375,0.021216639,0.031163375,3.52E-04,3.52E-04
28163,COVID-19 symptoms requiring medical attention,1,Yes,7583,7583,1233,1233,0.162600554,0.162600554,339,339,64,64,0.18879056,0.18879056,-0.026190007,-0.026190007,-0.031163375,-0.021216639,-0.031163375,-0.021216639,0.001796328,0.001796328
28164,COVID-19 symptoms requiring self-isolation,1,Yes,7583,7583,611,611,0.08057497,0.08057497,339,339,43,43,0.126843658,0.126843658,-0.046268687,-0.046268687,-0.052810563,-0.039726812,-0.052810563,-0.039726812,0.006256778,0.006256778
28164,COVID-19 symptoms requiring self-isolation,0,No,7583,7583,6972,6972,0.91942503,0.91942503,339,339,296,296,0.873156342,0.873156342,0.046268687,0.046268687,0.039726812,0.052810563,0.039726812,0.052810563,5.67E-04,5.67E-04
28165,COVID-19 symptoms requiring hospitalisation,0,No,7583,7583,7547,7547,0.995252539,0.995252539,339,339,336,336,0.991150442,0.991150442,0.004102096,0.004102096,0.002111624,0.006092568,0.002111624,0.006092568,4.63E-05,4.63E-05
28166,Self-reported date of a positive COVID-19 test result,11/19/2021,NA,684,684,5,5,0.007309942,0.007309942,NA,NA,NA,NA,NA,NA,NA,NA,NA,NA,NA,NA,NA,NA
28166,Self-reported date of a positive COVID-19 test result,8/26/2021,NA,684,684,5,5,0.007309942,0.007309942,NA,NA,NA,NA,NA,NA,NA,NA,NA,NA,NA,NA,NA,NA
28166,Self-reported date of a positive COVID-19 test result,12/23/2020,NA,684,684,5,5,0.007309942,0.007309942,NA,NA,NA,NA,NA,NA,NA,NA,NA,NA,NA,NA,NA,NA
28166,Self-reported date of a positive COVID-19 test result,10/21/2021,NA,684,684,5,5,0.007309942,0.007309942,NA,NA,NA,NA,NA,NA,NA,NA,NA,NA,NA,NA,NA,NA
28166,Self-reported date of a positive COVID-19 test result,10/23/2021,NA,684,684,5,5,0.007309942,0.007309942,NA,NA,NA,NA,NA,NA,NA,NA,NA,NA,NA,NA,NA,NA
28166,Self-reported date of a positive COVID-19 test result,10/25/2021,NA,684,684,6,6,0.00877193,0.00877193,NA,NA,NA,NA,NA,NA,NA,NA,NA,NA,NA,NA,NA,NA
28166,Self-reported date of a positive COVID-19 test result,12/15/2020,NA,684,684,5,5,0.007309942,0.007309942,NA,NA,NA,NA,NA,NA,NA,NA,NA,NA,NA,NA,NA,NA
28166,Self-reported date of a positive COVID-19 test result,12/28/2020,NA,684,684,5,5,0.007309942,0.007309942,NA,NA,NA,NA,NA,NA,NA,NA,NA,NA,NA,NA,NA,NA
28166,Self-reported date of a positive COVID-19 test result,12/31/2020,NA,684,684,6,6,0.00877193,0.00877193,NA,NA,NA,NA,NA,NA,NA,NA,NA,NA,NA,NA,NA,NA
28166,Self-reported date of a positive COVID-19 test result,1/4/2021,NA,684,684,6,6,0.00877193,0.00877193,NA,NA,NA,NA,NA,NA,NA,NA,NA,NA,NA,NA,NA,NA
28166,Self-reported date of a positive COVID-19 test result,12/12/2021,NA,684,684,6,6,0.00877193,0.00877193,NA,NA,NA,NA,NA,NA,NA,NA,NA,NA,NA,NA,NA,NA
28166,Self-reported date of a positive COVID-19 test result,10/20/2021,NA,684,684,6,6,0.00877193,0.00877193,NA,NA,NA,NA,NA,NA,NA,NA,NA,NA,NA,NA,NA,NA
28166,Self-reported date of a positive COVID-19 test result,8/27/2021,NA,684,684,5,5,0.007309942,0.007309942,NA,NA,NA,NA,NA,NA,NA,NA,NA,NA,NA,NA,NA,NA
28166,Self-reported date of a positive COVID-19 test result,12/13/2021,NA,684,684,5,5,0.007309942,0.007309942,NA,NA,NA,NA,NA,NA,NA,NA,NA,NA,NA,NA,NA,NA
28166,Self-reported date of a positive COVID-19 test result,9/11/2021,NA,684,684,5,5,0.007309942,0.007309942,NA,NA,NA,NA,NA,NA,NA,NA,NA,NA,NA,NA,NA,NA
28166,Self-reported date of a positive COVID-19 test result,9/15/2021,NA,684,684,5,5,0.007309942,0.007309942,NA,NA,NA,NA,NA,NA,NA,NA,NA,NA,NA,NA,NA,NA
28166,Self-reported date of a positive COVID-19 test result,9/17/2021,NA,684,684,5,5,0.007309942,0.007309942,NA,NA,NA,NA,NA,NA,NA,NA,NA,NA,NA,NA,NA,NA
28166,Self-reported date of a positive COVID-19 test result,9/30/2021,NA,684,684,8,8,0.011695906,0.011695906,NA,NA,NA,NA,NA,NA,NA,NA,NA,NA,NA,NA,NA,NA
28166,Self-reported date of a positive COVID-19 test result,10/10/2021,NA,684,684,7,7,0.010233918,0.010233918,NA,NA,NA,NA,NA,NA,NA,NA,NA,NA,NA,NA,NA,NA
28166,Self-reported date of a positive COVID-19 test result,11/1/2021,NA,684,684,10,10,0.014619883,0.014619883,NA,NA,NA,NA,NA,NA,NA,NA,NA,NA,NA,NA,NA,NA
28166,Self-reported date of a positive COVID-19 test result,12/7/2021,NA,684,684,5,5,0.007309942,0.007309942,NA,NA,NA,NA,NA,NA,NA,NA,NA,NA,NA,NA,NA,NA
28167,Date online questionnaire completed,12/2/2021,NA,7583,7583,92,92,0.012132401,0.012132401,339,339,6,6,0.017699115,0.017699115,-0.005566714,-0.005566714,-0.00788375,-0.003249677,-0.00788375,-0.003249677,0.005034966,0.005034966
28167,Date online questionnaire completed,12/15/2021,NA,7583,7583,1172,1172,0.154556244,0.154556244,339,339,48,48,0.14159292,0.14159292,0.012963324,0.012963324,0.009440666,0.016485982,0.009440666,0.016485982,9.46E-04,9.46E-04
28167,Date online questionnaire completed,12/16/2021,NA,7583,7583,1192,1192,0.157193723,0.157193723,339,339,31,31,0.091445428,0.091445428,0.065748295,0.065748295,0.058030027,0.073466563,0.058030027,0.073466563,0.004767252,0.004767252
28167,Date online questionnaire completed,12/10/2021,NA,7583,7583,333,333,0.043914018,0.043914018,339,339,16,16,0.04719764,0.04719764,-0.003283622,-0.003283622,-0.005065213,-0.001502031,-0.005065213,-0.001502031,8.37E-04,8.37E-04
28167,Date online questionnaire completed,11/30/2021,NA,7583,7583,384,384,0.050639589,0.050639589,339,339,15,15,0.044247788,0.044247788,0.006391801,0.006391801,0.003910012,0.00887359,0.003910012,0.00887359,0.00142536,0.00142536
28167,Date online questionnaire completed,12/13/2021,NA,7583,7583,586,586,0.077278122,0.077278122,339,339,50,50,0.147492625,0.147492625,-0.070214503,-0.070214503,-0.078171524,-0.062257483,-0.078171524,-0.062257483,0.009675825,0.009675825
28167,Date online questionnaire completed,1/7/2022,NA,7583,7583,251,251,0.033100356,0.033100356,339,339,12,12,0.03539823,0.03539823,-0.002297874,-0.002297874,-0.003788982,-8.07E-04,-0.003788982,-8.07E-04,7.78E-04,7.78E-04
28167,Date online questionnaire completed,12/17/2021,NA,7583,7583,278,278,0.036660952,0.036660952,339,339,12,12,0.03539823,0.03539823,0.001262722,0.001262722,1.57E-04,0.002368646,1.57E-04,0.002368646,3.88E-04,3.88E-04
28167,Date online questionnaire completed,12/8/2021,NA,7583,7583,145,145,0.01912172,0.01912172,339,339,13,13,0.038348083,0.038348083,-0.019226363,-0.019226363,-0.023502766,-0.01494996,-0.023502766,-0.01494996,0.010630294,0.010630294
28167,Date online questionnaire completed,12/1/2021,NA,7583,7583,242,242,0.031913491,0.031913491,339,339,8,8,0.02359882,0.02359882,0.008314671,0.008314671,0.005486829,0.011142513,0.005486829,0.011142513,0.00295601,0.00295601
28167,Date online questionnaire completed,1/21/2022,NA,7583,7583,25,25,0.003296848,0.003296848,NA,NA,NA,NA,NA,NA,NA,NA,NA,NA,NA,NA,NA,NA
28167,Date online questionnaire completed,12/7/2021,NA,7583,7583,76,76,0.010022419,0.010022419,339,339,5,5,0.014749263,0.014749263,-0.004726844,-0.004726844,-0.00686285,-0.002590838,-0.00686285,-0.002590838,0.005171434,0.005171434
28167,Date online questionnaire completed,12/20/2021,NA,7583,7583,66,66,0.008703679,0.008703679,339,339,6,6,0.017699115,0.017699115,-0.008995436,-0.008995436,-0.011935756,-0.006055116,-0.011935756,-0.006055116,0.010903458,0.010903458
28167,Date online questionnaire completed,11/29/2021,NA,7583,7583,416,416,0.054859554,0.054859554,339,339,14,14,0.041297935,0.041297935,0.013561619,0.013561619,0.00995968,0.017163559,0.00995968,0.017163559,0.002803535,0.002803535
28167,Date online questionnaire completed,12/9/2021,NA,7583,7583,326,326,0.042990901,0.042990901,339,339,26,26,0.076696165,0.076696165,-0.033705264,-0.033705264,-0.039325433,-0.028085096,-0.039325433,-0.028085096,0.008423912,0.008423912
28167,Date online questionnaire completed,11/27/2021,NA,7583,7583,6,6,7.91E-04,7.91E-04,NA,NA,NA,NA,NA,NA,NA,NA,NA,NA,NA,NA,NA,NA
28167,Date online questionnaire completed,11/28/2021,NA,7583,7583,18,18,0.002373731,0.002373731,NA,NA,NA,NA,NA,NA,NA,NA,NA,NA,NA,NA,NA,NA
28167,Date online questionnaire completed,12/21/2021,NA,7583,7583,32,32,0.004219966,0.004219966,NA,NA,NA,NA,NA,NA,NA,NA,NA,NA,NA,NA,NA,NA
28167,Date online questionnaire completed,12/23/2021,NA,7583,7583,15,15,0.001978109,0.001978109,NA,NA,NA,NA,NA,NA,NA,NA,NA,NA,NA,NA,NA,NA
28167,Date online questionnaire completed,12/24/2021,NA,7583,7583,13,13,0.001714361,0.001714361,NA,NA,NA,NA,NA,NA,NA,NA,NA,NA,NA,NA,NA,NA
28167,Date online questionnaire completed,12/26/2021,NA,7583,7583,6,6,7.91E-04,7.91E-04,NA,NA,NA,NA,NA,NA,NA,NA,NA,NA,NA,NA,NA,NA
28167,Date online questionnaire completed,12/27/2021,NA,7583,7583,6,6,7.91E-04,7.91E-04,NA,NA,NA,NA,NA,NA,NA,NA,NA,NA,NA,NA,NA,NA
28167,Date online questionnaire completed,12/29/2021,NA,7583,7583,7,7,9.23E-04,9.23E-04,NA,NA,NA,NA,NA,NA,NA,NA,NA,NA,NA,NA,NA,NA
28167,Date online questionnaire completed,1/4/2022,NA,7583,7583,8,8,0.001054991,0.001054991,NA,NA,NA,NA,NA,NA,NA,NA,NA,NA,NA,NA,NA,NA
28167,Date online questionnaire completed,1/9/2022,NA,7583,7583,19,19,0.002505605,0.002505605,NA,NA,NA,NA,NA,NA,NA,NA,NA,NA,NA,NA,NA,NA
28167,Date online questionnaire completed,1/12/2022,NA,7583,7583,24,24,0.003164974,0.003164974,NA,NA,NA,NA,NA,NA,NA,NA,NA,NA,NA,NA,NA,NA
28167,Date online questionnaire completed,1/13/2022,NA,7583,7583,11,11,0.001450613,0.001450613,NA,NA,NA,NA,NA,NA,NA,NA,NA,NA,NA,NA,NA,NA
28167,Date online questionnaire completed,1/14/2022,NA,7583,7583,29,29,0.003824344,0.003824344,NA,NA,NA,NA,NA,NA,NA,NA,NA,NA,NA,NA,NA,NA
28167,Date online questionnaire completed,2/12/2022,NA,7583,7583,27,27,0.003560596,0.003560596,NA,NA,NA,NA,NA,NA,NA,NA,NA,NA,NA,NA,NA,NA
28167,Date online questionnaire completed,1/22/2022,NA,7583,7583,5,5,6.59E-04,6.59E-04,NA,NA,NA,NA,NA,NA,NA,NA,NA,NA,NA,NA,NA,NA
28167,Date online questionnaire completed,1/26/2022,NA,7583,7583,9,9,0.001186865,0.001186865,NA,NA,NA,NA,NA,NA,NA,NA,NA,NA,NA,NA,NA,NA
28167,Date online questionnaire completed,1/27/2022,NA,7583,7583,5,5,6.59E-04,6.59E-04,NA,NA,NA,NA,NA,NA,NA,NA,NA,NA,NA,NA,NA,NA
28167,Date online questionnaire completed,1/31/2022,NA,7583,7583,24,24,0.003164974,0.003164974,NA,NA,NA,NA,NA,NA,NA,NA,NA,NA,NA,NA,NA,NA
28167,Date online questionnaire completed,2/3/2022,NA,7583,7583,6,6,7.91E-04,7.91E-04,NA,NA,NA,NA,NA,NA,NA,NA,NA,NA,NA,NA,NA,NA
28167,Date online questionnaire completed,2/8/2022,NA,7583,7583,11,11,0.001450613,0.001450613,NA,NA,NA,NA,NA,NA,NA,NA,NA,NA,NA,NA,NA,NA
28167,Date online questionnaire completed,2/16/2022,NA,7583,7583,29,29,0.003824344,0.003824344,NA,NA,NA,NA,NA,NA,NA,NA,NA,NA,NA,NA,NA,NA
28167,Date online questionnaire completed,2/17/2022,NA,7583,7583,15,15,0.001978109,0.001978109,NA,NA,NA,NA,NA,NA,NA,NA,NA,NA,NA,NA,NA,NA
28167,Date online questionnaire completed,2/18/2022,NA,7583,7583,17,17,0.002241857,0.002241857,NA,NA,NA,NA,NA,NA,NA,NA,NA,NA,NA,NA,NA,NA
28167,Date online questionnaire completed,2/22/2022,NA,7583,7583,13,13,0.001714361,0.001714361,NA,NA,NA,NA,NA,NA,NA,NA,NA,NA,NA,NA,NA,NA
28167,Date online questionnaire completed,2/24/2022,NA,7583,7583,7,7,9.23E-04,9.23E-04,NA,NA,NA,NA,NA,NA,NA,NA,NA,NA,NA,NA,NA,NA
28167,Date online questionnaire completed,3/1/2022,NA,7583,7583,10,10,0.001318739,0.001318739,NA,NA,NA,NA,NA,NA,NA,NA,NA,NA,NA,NA,NA,NA
28174,"Any change of address, waves 1-6",0,Home address of participant did not change between waves 1 and 6,9183,9183,8954,8954,0.975062616,0.975062616,428,428,423,423,0.988317757,0.988317757,-0.013255141,-0.013255141,-0.016488645,-0.010021637,-0.016488645,-0.010021637,1.39E-04,1.39E-04
28174,"Any change of address, waves 1-6",1,Home address of participant changed between waves 1 and 6,9183,9183,229,229,0.024937384,0.024937384,428,428,5,5,0.011682243,0.011682243,0.013255141,0.013255141,0.010021637,0.016488645,0.010021637,0.016488645,0.005518631,0.005518631
