question_concept_id,responce_concpet_id,Question,Response removed due to invalid value,q_cnt_before,a_cnt_before,ev_prop_before,q_pt_before,a_pt_before,pt_prop_before,q_cnt_after,a_cnt_after,ev_prop_after,q_pt_after,a_pt_after,pt_prop_after,ev_after_to_before_prop_diff,pt_after_to_before_prop_diff
1333156,45877994,Do you think you have had COVID-19?,Yes,903,36,0.03986711,556,32,0.057553957,4477,2015,0.450078177,2051,1260,0.614334471,0.410211067,0.556780514
1332763,1333320,"Have you EVER been near someone that you know, or suspect, had COVID-19 (such as co-workers, family members, or others)? Select all that apply.","Yes, known COVID-19",912,100,0.109649123,556,84,0.151079137,4709,1785,0.379061372,2051,1127,0.549488055,0.269412249,0.398408918
1333325,45877994,"In the past month, have you been sick for more than one day with a new illness related to COVID-19 or flu-like symptoms?",Yes,903,30,0.033222591,556,29,0.052158273,4477,885,0.197677016,2051,767,0.37396392,0.164454425,0.321805647
1332847,1333170,"In the past month, have the following behaviors increased in your household? Select all that apply.","None of the above (if selected, no other response options are available",1066,340,0.318949343,556,250,0.449640288,5273,2509,0.475820216,2051,1383,0.674305217,0.156870873,0.224664929
1333294,1333170,"In the past month, have you experienced the following as a result of COVID-19? Select all that apply.","None of the above (if selected, no other response options are available",1001,465,0.464535465,556,331,0.595323741,4954,3382,0.682680662,2051,1673,0.815699659,0.218145197,0.220375918
1310142,702690,Do you plan to get the flu vaccine this season?,"No, I received it more than a month ago",48,22,0.458333333,39,16,0.41025641,1655,897,0.541993958,1187,686,0.577927548,0.083660625,0.167671138
1333297,45877994,Do you personally know someone who has died of COVID-19?,Yes,311,76,0.24437299,250,64,0.256,3550,1228,0.345915493,1855,776,0.418328841,0.101542503,0.162328841
1333291,1333339,"In the past month, how has the COVID-19 outbreak affected you? Please select all that apply.",Was not able to work due to COVID-19 related illness,1269,27,0.021276596,556,26,0.04676259,6392,497,0.077753442,2051,374,0.182350073,0.056476846,0.135587483
1310132,45880190,"When a COVID-19 vaccine is available, how likely are you to want to receive vaccination?",Very likely,112,51,0.455357143,83,37,0.445783133,2535,1316,0.51913215,1553,901,0.580167418,0.063775007,0.134384285
1332748,1332864,"Thinking about your current social habits, in the last 5 days: I have stayed home all day (aside from time spent outdoors, but never closer than 6 feet from people who are not from my home).",A few days (1-2 days),903,227,0.251384275,556,186,0.334532374,4477,1347,0.300871119,2051,934,0.455387616,0.049486844,0.120855242
903631,NA,How much time did you usually spend doing vigorous physical activities on one of those days (minutes per day)?,NA,285,180,0.631578947,215,145,0.674418605,517,381,0.736943907,392,308,0.785714286,0.10536496,0.111295681
1333291,1333170,"In the past month, how has the COVID-19 outbreak affected you? Please select all that apply.","None of the above (if selected, no other response options are available",1269,214,0.168636722,556,168,0.302158273,6392,1491,0.233260325,2051,843,0.411019015,0.064623603,0.108860742
1332763,1333304,"Have you EVER been near someone that you know, or suspect, had COVID-19 (such as co-workers, family members, or others)? Select all that apply.","Yes, suspected COVID-19",912,79,0.086622807,556,68,0.122302158,4709,594,0.126141431,2051,472,0.230131643,0.039518624,0.107829485
1333104,1333199,"In the past month, to cope with social distancing and isolation, are you doing any of the following? Select all that apply.",Contacting a healthcare provider,3062,108,0.035271065,556,92,0.165467626,14772,784,0.053073382,2051,553,0.269624573,0.017802317,0.104156947
1310052,45883772,"Thinking about your current social habits, in the last 5 days: I have gone to my workplace or volunteer site that is outside my home. How often did you wear a face mask or face covering?",All of the time,43,20,0.465116279,36,18,0.5,1241,663,0.534246575,845,503,0.595266272,0.069130296,0.095266272
1333102,45883172,"In the past month, have recommendations for socially distancing caused stress for you?",Not at all,903,248,0.274640089,556,177,0.318345324,4477,1353,0.302211302,2051,841,0.410043881,0.027571213,0.091698557
1332735,1333148,"Thinking about your current social habits, in the last 5 days: I have attended social gatherings outside my home of LESS than 10 people.",None of the days (0 days),887,508,0.572717024,552,371,0.672101449,4043,2553,0.631461786,1937,1474,0.760970573,0.058744762,0.088869124
903629,NA,How much time did you usually spend doing moderate physical activities on one of those those days (minutes per day)?,NA,426,284,0.666666667,302,211,0.698675497,790,589,0.74556962,580,456,0.786206897,0.078902953,0.0875314
1333104,1332761,"In the past month, to cope with social distancing and isolation, are you doing any of the following? Select all that apply.",Delaying medical care for conditions other than COVID-19,3062,38,0.012410189,556,37,0.066546763,14772,411,0.027822908,2051,313,0.152608484,0.015412719,0.086061721
1333301,1333148,"Thinking about your current social habits, in the last 5 days: I have been in close contact with someone who is in a risk group for COVID-19. This includes someone inside or outside of your household.",None of the days (0 days),903,392,0.434108527,556,295,0.53057554,4477,2086,0.465937011,2051,1255,0.611896636,0.031828484,0.081321096
1333105,45881677,"Thinking about your current social habits, in the last 5 days: I have gone to my workplace or volunteer site that is outside my home.",Every day,887,90,0.101465614,552,72,0.130434783,4043,602,0.148899332,1937,404,0.208569954,0.047433718,0.078135171
1332826,1332791,Do you think you have used more or less prescription sedatives or prescription sleeping pills in the past month than you used to?,The same as usual,73,42,0.575342466,52,32,0.615384615,126,81,0.642857143,90,62,0.688888889,0.067514677,0.073504274
1333300,1333232,"Now, thinking about the COVID-19 recommendations and mandates...How often in the past month are you doing the recommended pandemic hygiene?",Most of the time; I try my best,903,279,0.3089701,556,197,0.354316547,4477,1430,0.319410319,2051,876,0.427108727,0.010440219,0.07279218
1333104,1333170,"In the past month, to cope with social distancing and isolation, are you doing any of the following? Select all that apply.","None of the above (if selected, no other response options are available",3062,32,0.010450686,556,27,0.048561151,14772,309,0.020917953,2051,247,0.120429059,0.010467267,0.071867908
1332748,1333148,"Thinking about your current social habits, in the last 5 days: I have stayed home all day (aside from time spent outdoors, but never closer than 6 feet from people who are not from my home).",None of the days (0 days),903,142,0.157253599,556,107,0.192446043,4477,765,0.170873353,2051,538,0.262311068,0.013619754,0.069865025
903630,NA,How much time did you usually spend walking on one of those days (minutes per day)?,NA,627,445,0.709728868,432,319,0.738425926,1192,907,0.76090604,822,662,0.805352798,0.051177172,0.066926872
1333023,NA,Think of other people who live with you. How many are under the age of 18 years?,NA,676,597,0.883136095,431,387,0.897911833,3458,3206,0.927125506,1646,1582,0.961117861,0.043989411,0.063206028
1333013,1332727,How often did you use cannabis?,Only a few times,68,22,0.323529412,52,19,0.365384615,115,43,0.373913043,84,36,0.428571429,0.050383631,0.063186814
1333301,1332864,"Thinking about your current social habits, in the last 5 days: I have been in close contact with someone who is in a risk group for COVID-19. This includes someone inside or outside of your household.",A few days (1-2 days),903,155,0.171650055,556,124,0.223021583,4477,808,0.180477999,2051,582,0.283764018,0.008827944,0.060742435
1333105,1332864,"Thinking about your current social habits, in the last 5 days: I have gone to my workplace or volunteer site that is outside my home.",A few days (1-2 days),887,117,0.131905299,552,97,0.175724638,4043,627,0.155082859,1937,456,0.235415591,0.02317756,0.059690953
1333105,1333306,"Thinking about your current social habits, in the last 5 days: I have gone to my workplace or volunteer site that is outside my home.",Most days (3-4 days),887,110,0.124013529,552,95,0.172101449,4043,665,0.16448182,1937,445,0.229736706,0.040468291,0.057635257
1310134,1333148,"Thinking about your current social habits, in the last 5 days: I have attended social gatherings of MORE than 50 people.",None of the days (0 days),96,84,0.875,73,65,0.890410959,2502,2335,0.933253397,1538,1456,0.946684005,0.058253397,0.056273046
1310133,1310090,"If you know it, what is your blood group?",I don't know my blood group for certain,112,26,0.232142857,83,21,0.253012048,2936,808,0.27520436,1689,512,0.303137951,0.043061503,0.050125903
1333102,45876949,"In the past month, have recommendations for socially distancing caused stress for you?",A little,903,312,0.34551495,556,246,0.442446043,4477,1557,0.34777753,2051,1006,0.490492443,0.00226258,0.0480464
903634,NA,How much time did you usually spend doing moderate physical activities on one of those days (hours per day)?,NA,209,107,0.511961722,209,107,0.511961722,263,147,0.558935361,263,147,0.558935361,0.046973639,0.046973639
1332738,1332864,"Thinking about your current social habits, in the last 5 days: I have gone on shopping trips or outings that were ""just for fun"".",A few days (1-2 days),887,226,0.254791432,552,185,0.335144928,4043,1031,0.255008657,1937,735,0.379452762,0.000217225,0.044307834
1333102,45883539,"In the past month, have recommendations for socially distancing caused stress for you?",A lot,903,74,0.081949059,556,67,0.120503597,4477,431,0.096269824,2051,338,0.16479766,0.014320765,0.044294063
1333291,1333138,"In the past month, how has the COVID-19 outbreak affected you? Please select all that apply.",Worked more hours than usual,1269,132,0.104018913,556,91,0.163669065,6392,683,0.106852315,2051,426,0.207703559,0.002833402,0.044034494
1333119,1333239,"Thinking about these activities in the last 5 days, my social interaction with people outside my home was.",Somewhat less than normal,903,143,0.158361019,556,116,0.208633094,4477,695,0.155237883,2051,518,0.252559727,-0.003123136,0.043926633
1332748,45881677,"Thinking about your current social habits, in the last 5 days: I have stayed home all day (aside from time spent outdoors, but never closer than 6 feet from people who are not from my home).",Every day,903,156,0.172757475,556,132,0.237410072,4477,753,0.168192986,2051,576,0.280838615,-0.004564489,0.043428543
1333121,45879886,"In the past 2 weeks, how often have you been bothered by the following problem? Becoming easily annoyed or irritable.",Several days,791,313,0.395701643,525,232,0.441904762,1541,629,0.408176509,1008,488,0.484126984,0.012474866,0.042222222
903633,NA,How much time did you usually spend doing vigorous physical activities on one of those days (hours per day)?,NA,138,67,0.485507246,138,67,0.485507246,190,100,0.526315789,190,100,0.526315789,0.040808543,0.040808543
1333015,NA,"Not including yourself, how many other people live at home with you?",NA,903,811,0.898117386,556,510,0.917266187,4477,4199,0.937904847,2051,1963,0.9570941,0.039787461,0.039827913
1333120,45876662,Choose the answer that is true for you in the past month. I am unhappy being so withdrawn.,Never,791,344,0.434892541,525,257,0.48952381,1541,742,0.481505516,1008,533,0.528769841,0.046612975,0.039246031
1333311,1332783,"In your day-to-day life, how often did this happen to you during the past month? You are treated with less respect than other people are.",A few times a month,791,165,0.208596713,525,131,0.24952381,1541,363,0.235561324,1008,291,0.288690476,0.026964611,0.039166666
903642,903096,How much time did you usually spend sitting on one of those days (minutes per day)?,PMI: Skip,235,166,0.706382979,235,166,0.706382979,313,233,0.744408946,313,233,0.744408946,0.038025967,0.038025967
1333303,45884554,"In the past 7 days, I thought about COVID-19 when I didn't mean to.",Moderately,791,191,0.241466498,525,157,0.299047619,1541,384,0.249188838,1008,337,0.334325397,0.00772234,0.035277778
1332848,1332784,Please select the response that best reflects your behavior in the past month. I believe I can grow in positive ways by dealing with difficult situations.,Describes me very well,791,164,0.207332491,525,126,0.24,1541,363,0.235561324,1008,277,0.274801587,0.028228833,0.034801587
1333295,45884456,"In the past 7 days, I was aware that I still had a lot of feelings about COVID-19, but I didn't deal with them.",Quite a bit,791,48,0.06068268,525,42,0.08,1541,130,0.084360805,1008,115,0.114087302,0.023678125,0.034087302
1333301,1333306,"Thinking about your current social habits, in the last 5 days: I have been in close contact with someone who is in a risk group for COVID-19. This includes someone inside or outside of your household.",Most days (3-4 days),903,66,0.073089701,556,57,0.102517986,4477,338,0.075496985,2051,279,0.136031204,0.002407284,0.033513218
1333104,1332789,"In the past month, to cope with social distancing and isolation, are you doing any of the following? Select all that apply.",Making time to relax,3062,353,0.115284128,556,262,0.471223022,14772,1693,0.114608719,2051,1035,0.504631887,-0.000675409,0.033408865
1333104,1333149,"In the past month, to cope with social distancing and isolation, are you doing any of the following? Select all that apply.",Eating less food than usual,3062,45,0.014696277,556,42,0.075539568,14772,279,0.018887084,2051,223,0.10872745,0.004190807,0.033187882
1333292,45879397,"In the past 7 days, I felt watchful or on-guard.",Extremely,791,61,0.077117573,525,53,0.100952381,1541,157,0.101881895,1008,135,0.133928571,0.024764322,0.03297619
1332833,45881671,What is your current marital status?,Never married,791,104,0.13147914,525,74,0.140952381,1541,263,0.170668397,1008,175,0.173611111,0.039189257,0.03265873
1332832,45878245,Did your use include smoking prescription opioids?,No,39,38,0.974358974,31,30,0.967741935,81,80,0.987654321,65,65,1,0.013295347,0.032258065
1333104,1333130,"In the past month, to cope with social distancing and isolation, are you doing any of the following? Select all that apply.","Connecting with others, including talking with people you trust about your concerns and how you are feeling",3062,321,0.104833442,556,239,0.429856115,14772,1537,0.104048199,2051,944,0.460263286,-0.000785243,0.030407171
1333291,1333134,"In the past month, how has the COVID-19 outbreak affected you? Please select all that apply.",Had serious financial problems,1269,41,0.032308905,556,33,0.059352518,6392,253,0.039580726,2051,181,0.088249634,0.007271821,0.028897116
1332769,45878142,Who do you know who has died? Check all that apply.,Other,96,25,0.260416667,64,24,0.375,1485,435,0.292929293,775,313,0.403870968,0.032512626,0.028870968
1332847,1333240,"In the past month, have the following behaviors increased in your household? Select all that apply.",Snapping at or yelling at family members,1066,208,0.195121951,556,158,0.284172662,5273,1017,0.192869334,2051,636,0.310092638,-0.002252617,0.025919976
1332745,45878245,"Do you regularly take immunosuppressant medications (including steroids, methotrexate, biologic agents)?",No,791,684,0.864728192,525,463,0.881904762,1541,1379,0.894873459,1008,914,0.906746032,0.030145267,0.02484127
1332833,45883710,What is your current marital status?,Living with partner,791,40,0.0505689,525,30,0.057142857,1541,114,0.073977936,1008,82,0.081349206,0.023409036,0.024206349
1332739,1332784,"Please select the response that best reflects your behavior in the past month. Regardless of what happens to me, I believe I can control my reaction to it.",Describes me very well,791,134,0.169405815,525,105,0.2,1541,278,0.180402336,1008,225,0.223214286,0.010996521,0.023214286
1333328,1332783,"In your day-to-day life, how often did this happen to you during the past month? You are treated with less courtesy than other people are.",A few times a month,791,169,0.213653603,525,139,0.264761905,1541,354,0.22972096,1008,289,0.286706349,0.016067357,0.021944444
1333121,45878994,"In the past 2 weeks, how often have you been bothered by the following problem? Becoming easily annoyed or irritable.",More than half the days,791,67,0.084702908,525,61,0.116190476,1541,151,0.097988319,1008,139,0.137896825,0.013285411,0.021706349
1332835,45877172,"Choose the answer that best describes how you felt in the past month. In uncertain times, I usually expect the best.",Disagree a lot,791,33,0.041719343,525,27,0.051428571,1541,91,0.059052563,1008,73,0.072420635,0.01733322,0.020992064
1333104,1333122,"In the past month, to cope with social distancing and isolation, are you doing any of the following? Select all that apply.",Using cannabis or marijuana,3062,21,0.006858263,556,17,0.03057554,14772,163,0.011034389,2051,105,0.051194539,0.004176126,0.020618999
1333300,45883772,"Now, thinking about the COVID-19 recommendations and mandates...How often in the past month are you doing the recommended pandemic hygiene?",All of the time,903,579,0.641196013,556,401,0.721223022,4477,2803,0.626088899,2051,1521,0.741589469,-0.015107114,0.020366447
1333296,45884554,"In the past 7 days, I tried not to think about COVID-19.",Moderately,791,173,0.218710493,525,155,0.295238095,1541,365,0.236859182,1008,318,0.31547619,0.018148689,0.020238095
1333292,45884456,"In the past 7 days, I felt watchful or on-guard.",Quite a bit,791,151,0.190897598,525,136,0.259047619,1541,345,0.223880597,1008,281,0.278769841,0.032982999,0.019722222
1310140,45878245,"Do you have a child(ren) that are currently enrolled in childcare centers, schools, or colleges?",No,112,82,0.732142857,83,61,0.734939759,2936,2211,0.753065395,1689,1274,0.754292481,0.020922538,0.019352722
1332744,45878245,Are you currently on chemotherapy or immunotherapy?,No,791,730,0.922882427,525,489,0.931428571,1541,1452,0.942245295,1008,958,0.950396825,0.019362868,0.018968254
1332741,1333028,Please select the response that best reflects your behavior in the past month. I actively look for ways to replace the losses I encounter in life.,Describes me,791,293,0.370417193,525,233,0.443809524,1541,606,0.393251136,1008,466,0.462301587,0.022833943,0.018492063
1332739,1333028,"Please select the response that best reflects your behavior in the past month. Regardless of what happens to me, I believe I can control my reaction to it.",Describes me,791,354,0.447534766,525,269,0.512380952,1541,702,0.455548345,1008,535,0.530753968,0.008013579,0.018373016
1332750,1332850,Choose the answer that best describes how you felt in the past month. To what extent do you feel your life to be meaningful?,An extreme amount,791,91,0.115044248,525,79,0.15047619,1541,201,0.130434783,1008,170,0.168650794,0.015390535,0.018174604
1333119,1333003,"Thinking about these activities in the last 5 days, my social interaction with people outside my home was.",A lot less than normal,903,609,0.674418605,556,431,0.775179856,4477,3060,0.683493411,2051,1627,0.793271575,0.009074806,0.018091719
1332866,45884456,"In the past 7 days, other things kept making me think about COVID-19.",Quite a bit,791,144,0.18204804,525,126,0.24,1541,306,0.198572356,1008,260,0.257936508,0.016524316,0.017936508
1332741,1332784,Please select the response that best reflects your behavior in the past month. I actively look for ways to replace the losses I encounter in life.,Describes me very well,791,96,0.12136536,525,76,0.144761905,1541,196,0.127190136,1008,164,0.162698413,0.005824776,0.017936508
1333294,1333141,"In the past month, have you experienced the following as a result of COVID-19? Select all that apply.",Did not have enough money to pay for medications,1001,29,0.028971029,556,24,0.043165468,4954,167,0.033710133,2051,122,0.059483179,0.004739104,0.016317711
1333011,45880857,"In the past month: Did you smoke tobacco/nicotine (including cigarettes, cigar, cigarillos, pipes, hookah) every day, some days, or not at all?","No, never",791,588,0.743362832,525,403,0.767619048,1541,1162,0.754055808,1008,790,0.783730159,0.010692976,0.016111111
1333289,45878245,"Think about the time you spent walking in the last 7 days. During the last 7 days, did you walk for at least 10 minutes at a time?",No,791,160,0.202275601,525,128,0.243809524,1541,329,0.213497729,1008,261,0.258928571,0.011222128,0.015119047
1333294,1333223,"In the past month, have you experienced the following as a result of COVID-19? Select all that apply.",Not enough money to pay rent,1001,54,0.053946054,556,50,0.089928058,4954,298,0.060153411,2051,215,0.104826914,0.006207357,0.014898856
1333296,45881667,"In the past 7 days, I tried not to think about COVID-19.",A little bit,791,243,0.307206068,525,200,0.380952381,1541,474,0.307592472,1008,399,0.395833333,0.000386404,0.014880952
1333221,45876672,Choose the answer that is true for you in the past month. I am an outgoing person.,Rarely,791,97,0.122629583,525,72,0.137142857,1541,196,0.127190136,1008,153,0.151785714,0.004560553,0.014642857
1333292,45883172,"In the past 7 days, I felt watchful or on-guard.",Not at all,791,103,0.130214918,525,81,0.154285714,1541,198,0.128487995,1008,170,0.168650794,-0.001726923,0.01436508
1332835,45876909,"Choose the answer that best describes how you felt in the past month. In uncertain times, I usually expect the best.",Disagree a little,791,94,0.118836915,525,79,0.15047619,1541,195,0.126541207,1008,166,0.16468254,0.007704292,0.01420635
1333293,1332783,"In your day-to-day life, how often did this happen to you during the past month? You are threatened or harassed.",A few times a month,791,37,0.046776233,525,31,0.059047619,1541,88,0.057105775,1008,72,0.071428571,0.010329542,0.012380952
1332767,45881677,"In the past month: Did someone in your home smoke tobacco/nicotine (including cigarettes, cigar, cigarillos, pipes, hookah) every day, some days, or not at all?",Every day,791,59,0.074589128,525,43,0.081904762,1541,123,0.0798183,1008,95,0.094246032,0.005229172,0.01234127
1332749,1333116,"Choose the answer that best describes how you felt in the past month. In general, how happy are you?",Moderately happy,791,393,0.496839444,525,291,0.554285714,1541,762,0.494484101,1008,571,0.566468254,-0.002355343,0.01218254
1310133,36309715,"If you know it, what is your blood group?",Group O,112,34,0.303571429,83,25,0.301204819,2936,883,0.300749319,1689,529,0.313203079,-0.00282211,0.01199826
903635,903096,How much time did you usually spend walking on one of those days (hours per day)?,PMI: Skip,305,117,0.383606557,305,117,0.383606557,387,153,0.395348837,387,153,0.395348837,0.01174228,0.01174228
1332847,1333233,"In the past month, have the following behaviors increased in your household? Select all that apply.",Interpersonal conflict with friends or coworkers,1066,82,0.076923077,556,72,0.129496403,5273,386,0.07320311,2051,289,0.140906875,-0.003719967,0.011410472
1332750,45876949,Choose the answer that best describes how you felt in the past month. To what extent do you feel your life to be meaningful?,A little,791,96,0.12136536,525,79,0.15047619,1541,197,0.127839066,1008,163,0.161706349,0.006473706,0.011230159
1333300,45882528,"Now, thinking about the COVID-19 recommendations and mandates...How often in the past month are you doing the recommended pandemic hygiene?",Sometimes,903,30,0.033222591,556,27,0.048561151,4477,170,0.037971856,2051,121,0.058995612,0.004749265,0.010434461
1333104,1333226,"In the past month, to cope with social distancing and isolation, are you doing any of the following? Select all that apply.","Taking care of your body, such as taking deep breaths, stretching, or meditating",3062,343,0.112018289,556,244,0.438848921,14772,1580,0.106959112,2051,921,0.449049244,-0.005059177,0.010200323
1333017,903096,"In the past month, have you used any of the following drugs? Select all that apply.",PMI: Skip,834,41,0.049160671,525,38,0.072380952,1626,89,0.054735547,1008,83,0.08234127,0.005574876,0.009960318
1333303,45884456,"In the past 7 days, I thought about COVID-19 when I didn't mean to.",Quite a bit,791,147,0.185840708,525,137,0.260952381,1541,326,0.211550941,1008,273,0.270833333,0.025710233,0.009880952
1333295,45884554,"In the past 7 days, I was aware that I still had a lot of feelings about COVID-19, but I didn't deal with them.",Moderately,791,111,0.140328698,525,94,0.179047619,1541,217,0.140817651,1008,190,0.188492063,0.000488953,0.009444444
1332847,1333126,"In the past month, have the following behaviors increased in your household? Select all that apply.",Interpersonal conflict with family members or loved ones,1066,205,0.192307692,556,170,0.305755396,5273,974,0.184714584,2051,646,0.314968308,-0.007593108,0.009212912
1333294,1333146,"In the past month, have you experienced the following as a result of COVID-19? Select all that apply.",Not enough money to pay for food,1001,66,0.065934066,556,60,0.107913669,4954,317,0.063988696,2051,240,0.11701609,-0.00194537,0.009102421
1332866,45879397,"In the past 7 days, other things kept making me think about COVID-19.",Extremely,791,58,0.073324905,525,52,0.099047619,1541,124,0.080467229,1008,108,0.107142857,0.007142324,0.008095238
1333291,1332771,"In the past month, how has the COVID-19 outbreak affected you? Please select all that apply.",Worked reduced hours,1269,102,0.080378251,556,88,0.158273381,6392,499,0.078066333,2051,341,0.166260361,-0.002311918,0.00798698
1333102,45876385,"In the past month, have recommendations for socially distancing caused stress for you?",Somewhat,903,260,0.287929125,556,203,0.365107914,4477,1082,0.241679696,2051,764,0.372501219,-0.046249429,0.007393305
1333104,1333340,"In the past month, to cope with social distancing and isolation, are you doing any of the following? Select all that apply.","Engaging in healthy behaviors like trying to eat healthy, well-balanced meals, exercising regularly, getting plenty of sleep, or avoiding alcohol and drugs",3062,435,0.14206401,556,308,0.553956835,14772,2049,0.138708367,2051,1151,0.561189664,-0.003355643,0.007232829
1333104,1333142,"In the past month, to cope with social distancing and isolation, are you doing any of the following? Select all that apply.","Increasing watching, reading, or listening to news stories, including social media",3062,245,0.080013063,556,198,0.356115108,14772,1162,0.078662334,2051,745,0.363237445,-0.001350729,0.007122337
1333024,1332777,Please select the response that best reflects your behavior in the past month. I look for creative ways to alter difficult situations.,Does not describe me,791,55,0.069532238,525,45,0.085714286,1541,107,0.069435432,1008,93,0.092261905,-9.6806E-05,0.006547619
1332735,1333306,"Thinking about your current social habits, in the last 5 days: I have attended social gatherings outside my home of LESS than 10 people.",Most days (3-4 days),887,34,0.038331454,552,31,0.05615942,4043,136,0.033638387,1937,121,0.062467734,-0.004693067,0.006308314
1333295,45883172,"In the past 7 days, I was aware that I still had a lot of feelings about COVID-19, but I didn't deal with them.",Not at all,791,363,0.458912769,525,264,0.502857143,1541,693,0.449707982,1008,513,0.508928571,-0.009204787,0.006071428
1333119,1333025,"Thinking about these activities in the last 5 days, my social interaction with people outside my home was.",More than normal,903,25,0.027685493,556,23,0.041366906,4477,110,0.024570025,2051,97,0.047294003,-0.003115468,0.005927097
1333017,1333169,"In the past month, have you used any of the following drugs? Select all that apply.","Prescription opioids (for example, fentanyl, oxycodone [OxyContin, Percocet], hydrocodone [Vicodin], methadone, buprenorphine, etc)",834,39,0.04676259,525,31,0.059047619,1626,81,0.049815498,1008,65,0.064484127,0.003052908,0.005436508
1333017,45878582,"In the past month, have you used any of the following drugs? Select all that apply.",None,834,579,0.694244604,525,405,0.771428571,1626,1129,0.694341943,1008,783,0.776785714,9.7339E-05,0.005357143
1310140,45877994,"Do you have a child(ren) that are currently enrolled in childcare centers, schools, or colleges?",Yes,112,29,0.258928571,83,22,0.265060241,2936,705,0.240122616,1689,456,0.269982238,-0.018805955,0.004921997
1332749,1333079,"Choose the answer that best describes how you felt in the past month. In general, how happy are you?",Moderately unhappy,791,116,0.14664981,525,99,0.188571429,1541,235,0.152498378,1008,195,0.193452381,0.005848568,0.004880952
1333024,1333125,Please select the response that best reflects your behavior in the past month. I look for creative ways to alter difficult situations.,Does not describe me at all,791,39,0.049304678,525,35,0.066666667,1541,81,0.052563271,1008,72,0.071428571,0.003258593,0.004761904
1332738,1333148,"Thinking about your current social habits, in the last 5 days: I have gone on shopping trips or outings that were ""just for fun"".",None of the days (0 days),887,626,0.705749718,552,434,0.786231884,4043,2850,0.704922088,1937,1532,0.790913784,-0.00082763,0.0046819
1332835,45879540,"Choose the answer that best describes how you felt in the past month. In uncertain times, I usually expect the best.",Agree a little,791,211,0.266750948,525,171,0.325714286,1541,418,0.271252433,1008,333,0.330357143,0.004501485,0.004642857
1333294,1333145,"In the past month, have you experienced the following as a result of COVID-19? Select all that apply.",Not enough money to pay for gas,1001,41,0.040959041,556,36,0.064748201,4954,179,0.036132418,2051,142,0.06923452,-0.004826623,0.004486319
1332767,1333137,"In the past month: Did someone in your home smoke tobacco/nicotine (including cigarettes, cigar, cigarillos, pipes, hookah) every day, some days, or not at all?","Not currently, but in the past",791,93,0.117572693,525,76,0.144761905,1541,178,0.115509409,1008,150,0.148809524,-0.002063284,0.004047619
1332738,1333306,"Thinking about your current social habits, in the last 5 days: I have gone on shopping trips or outings that were ""just for fun"".",Most days (3-4 days),887,25,0.028184893,552,22,0.039855072,4043,96,0.023744744,1937,84,0.04336603,-0.004440149,0.003510958
1333303,45879397,"In the past 7 days, I thought about COVID-19 when I didn't mean to.",Extremely,791,43,0.054361568,525,42,0.08,1541,94,0.060999351,1008,84,0.083333333,0.006637783,0.003333333
1332767,45883381,"In the past month: Did someone in your home smoke tobacco/nicotine (including cigarettes, cigar, cigarillos, pipes, hookah) every day, some days, or not at all?",Some days,791,32,0.04045512,525,26,0.04952381,1541,57,0.036988968,1008,52,0.051587302,-0.003466152,0.002063492
1333221,45876662,Choose the answer that is true for you in the past month. I am an outgoing person.,Never,791,29,0.036662453,525,24,0.045714286,1541,62,0.040233615,1008,48,0.047619048,0.003571162,0.001904762
1333024,1332784,Please select the response that best reflects your behavior in the past month. I look for creative ways to alter difficult situations.,Describes me very well,791,135,0.170670038,525,111,0.211428571,1541,273,0.17715769,1008,215,0.213293651,0.006487652,0.00186508
1333295,45879397,"In the past 7 days, I was aware that I still had a lot of feelings about COVID-19, but I didn't deal with them.",Extremely,791,20,0.02528445,525,19,0.036190476,1541,41,0.0266061,1008,38,0.037698413,0.00132165,0.001507937
1333291,1333136,"In the past month, how has the COVID-19 outbreak affected you? Please select all that apply.",Had difficulty arranging for childcare,1269,32,0.025216706,556,23,0.041366906,6392,134,0.020963705,2051,87,0.042418333,-0.004253001,0.001051427
1333291,1332772,"In the past month, how has the COVID-19 outbreak affected you? Please select all that apply.",Not paid at all,1269,35,0.027580772,556,32,0.057553957,6392,154,0.024092616,2051,120,0.058508045,-0.003488156,0.000954088
1332749,37079442,"Choose the answer that best describes how you felt in the past month. In general, how happy are you?",Very happy,791,191,0.241466498,525,146,0.278095238,1541,357,0.231667748,1008,281,0.278769841,-0.00979875,0.000674603
1333017,1333155,"In the past month, have you used any of the following drugs? Select all that apply.","Prescription stimulants (for example, Ritalin, Concerta, Dexedrine, Adderall, Focalin, Didrex, etc)",834,23,0.027577938,525,17,0.032380952,1626,48,0.029520295,1008,33,0.032738095,0.001942357,0.000357143
1333221,45882528,Choose the answer that is true for you in the past month. I am an outgoing person.,Sometimes,791,323,0.408343869,525,241,0.459047619,1541,644,0.417910448,1008,463,0.459325397,0.009566579,0.000277778
1332835,45883275,"Choose the answer that best describes how you felt in the past month. In uncertain times, I usually expect the best.",Agree a lot,791,241,0.304677623,525,175,0.333333333,1541,430,0.279039585,1008,336,0.333333333,-0.025638038,0
1333120,45876672,Choose the answer that is true for you in the past month. I am unhappy being so withdrawn.,Rarely,791,187,0.236409608,525,149,0.283809524,1541,329,0.213497729,1008,286,0.283730159,-0.022911879,-7.9365E-05
1332835,45880775,"Choose the answer that best describes how you felt in the past month. In uncertain times, I usually expect the best.",Neither agree nor disagree,791,202,0.255372946,525,172,0.327619048,1541,392,0.254380273,1008,330,0.327380952,-0.000992673,-0.000238096
1333104,903096,"In the past month, to cope with social distancing and isolation, are you doing any of the following? Select all that apply.",PMI: Skip,3062,27,0.008817766,556,24,0.043165468,14772,91,0.006160303,2051,88,0.0429059,-0.002657463,-0.000259568
1332749,1333078,"Choose the answer that best describes how you felt in the past month. In general, how happy are you?",Very unhappy,791,32,0.04045512,525,27,0.051428571,1541,55,0.03569111,1008,51,0.050595238,-0.00476401,-0.000833333
1332769,1332766,Who do you know who has died? Check all that apply.,Friend,96,43,0.447916667,64,34,0.53125,1485,609,0.41010101,775,411,0.530322581,-0.037815657,-0.000927419
1333024,1333028,Please select the response that best reflects your behavior in the past month. I look for creative ways to alter difficult situations.,Describes me,791,319,0.403286979,525,247,0.47047619,1541,621,0.402985075,1008,473,0.469246032,-0.000301904,-0.001230158
1333298,45876662,"In your day-to-day life, how often did this happen to you during the past month? You are called names or insulted.",Never,791,697,0.881163085,525,471,0.897142857,1541,1356,0.879948086,1008,903,0.895833333,-0.001214999,-0.001309524
1332750,45882006,Choose the answer that best describes how you felt in the past month. To what extent do you feel your life to be meaningful?,A moderate amount,791,201,0.254108723,525,168,0.32,1541,404,0.262167424,1008,321,0.318452381,0.008058701,-0.001547619
715721,NA,Enter the number of years,NA,146,130,0.890410959,113,101,0.89380531,267,232,0.868913858,204,182,0.892156863,-0.021497101,-0.001648447
1332734,1332864,"Thinking about your current social habits, in the last 5 days: I have attended social gatherings outside my home of MORE than 10 people.",A few days (1-2 days),887,131,0.147688839,552,112,0.202898551,4043,487,0.120455108,1937,389,0.20082602,-0.027233731,-0.002072531
1333120,45882528,Choose the answer that is true for you in the past month. I am unhappy being so withdrawn.,Sometimes,791,179,0.226295828,525,145,0.276190476,1541,337,0.218689163,1008,276,0.273809524,-0.007606665,-0.002380952
1333011,1333137,"In the past month: Did you smoke tobacco/nicotine (including cigarettes, cigar, cigarillos, pipes, hookah) every day, some days, or not at all?","Not currently, but in the past",791,159,0.201011378,525,120,0.228571429,1541,297,0.192731992,1008,228,0.226190476,-0.008279386,-0.002380953
1333291,1333029,"In the past month, how has the COVID-19 outbreak affected you? Please select all that apply.",I became unemployed,1269,74,0.058313633,556,55,0.098920863,6392,299,0.046777222,2051,198,0.096538274,-0.011536411,-0.002382589
903641,903096,How much time did you usually spend sitting on one of those days (hours per day)?,PMI: Skip,562,36,0.06405694,397,34,0.085642317,1100,64,0.058181818,757,63,0.08322325,-0.005875122,-0.002419067
1332801,1332799,Do you think you have used more or less cannabis in the past month than you used to?,More often than usual,68,23,0.338235294,52,20,0.384615385,115,37,0.32173913,84,32,0.380952381,-0.016496164,-0.003663004
1332767,45880857,"In the past month: Did someone in your home smoke tobacco/nicotine (including cigarettes, cigar, cigarillos, pipes, hookah) every day, some days, or not at all?","No, never",791,604,0.763590392,525,413,0.786666667,1541,1164,0.755353666,1008,789,0.782738095,-0.008236726,-0.003928572
1332833,45883711,What is your current marital status?,Widowed,791,49,0.061946903,525,31,0.059047619,1541,78,0.050616483,1008,55,0.054563492,-0.01133042,-0.004484127
1333104,1332785,"In the past month, to cope with social distancing and isolation, are you doing any of the following? Select all that apply.",Smoking more cigarettes or vaping more,3062,27,0.008817766,556,21,0.037769784,14772,105,0.007108042,2051,68,0.033154559,-0.001709724,-0.004615225
1333104,1333133,"In the past month, to cope with social distancing and isolation, are you doing any of the following? Select all that apply.","Taking breaks from watching, reading, or listening to news stories, including social media",3062,510,0.166557805,556,340,0.611510791,14772,2255,0.152653669,2051,1244,0.606533398,-0.013904136,-0.004977393
1333104,1333144,"In the past month, to cope with social distancing and isolation, are you doing any of the following? Select all that apply.",Eating more food than usual,3062,211,0.06890921,556,163,0.293165468,14772,875,0.059233685,2051,591,0.288152121,-0.009675525,-0.005013347
903641,NA,How much time did you usually spend sitting on one of those days (hours per day)?,NA,562,526,0.93594306,397,374,0.942065491,1100,1036,0.941818182,757,709,0.93659181,0.005875122,-0.005473681
1333119,1333008,"Thinking about these activities in the last 5 days, my social interaction with people outside my home was.",About the same as normal,903,113,0.125138427,556,95,0.170863309,4477,459,0.102524012,2051,337,0.164310093,-0.022614415,-0.006553216
1332848,45879460,Please select the response that best reflects your behavior in the past month. I believe I can grow in positive ways by dealing with difficult situations.,Neutral,791,163,0.206068268,525,136,0.259047619,1541,314,0.20376379,1008,254,0.251984127,-0.002304478,-0.007063492
1333289,45877994,"Think about the time you spent walking in the last 7 days. During the last 7 days, did you walk for at least 10 minutes at a time?",Yes,791,626,0.791403287,525,432,0.822857143,1541,1192,0.773523686,1008,822,0.81547619,-0.017879601,-0.007380953
1333298,1332783,"In your day-to-day life, how often did this happen to you during the past month? You are called names or insulted.",A few times a month,791,64,0.08091024,525,60,0.114285714,1541,125,0.081116158,1008,107,0.106150794,0.000205918,-0.00813492
1333011,45881677,"In the past month: Did you smoke tobacco/nicotine (including cigarettes, cigar, cigarillos, pipes, hookah) every day, some days, or not at all?",Every day,791,29,0.036662453,525,19,0.036190476,1541,39,0.025308241,1008,28,0.027777778,-0.011354212,-0.008412698
1332866,45884554,"In the past 7 days, other things kept making me think about COVID-19.",Moderately,791,190,0.240202276,525,165,0.314285714,1541,356,0.231018819,1008,308,0.305555556,-0.009183457,-0.008730158
1332762,1333148,"Thinking about your current social habits, in the last 5 days: I have visited nursing homes or long-term care facilities (outside of work duties).",None of the days (0 days),887,871,0.981961669,552,546,0.989130435,4043,3933,0.972792481,1937,1899,0.980382034,-0.009169188,-0.008748401
1332848,1332777,Please select the response that best reflects your behavior in the past month. I believe I can grow in positive ways by dealing with difficult situations.,Does not describe me,791,25,0.031605563,525,24,0.045714286,1541,40,0.025957171,1008,37,0.036706349,-0.005648392,-0.009007937
1333291,1333150,"In the past month, how has the COVID-19 outbreak affected you? Please select all that apply.",Income or pay has been reduced,1269,112,0.088258471,556,92,0.165467626,6392,470,0.073529412,2051,320,0.156021453,-0.014729059,-0.009446173
1332866,45883172,"In the past 7 days, other things kept making me think about COVID-19.",Not at all,791,124,0.15676359,525,105,0.2,1541,229,0.148604802,1008,192,0.19047619,-0.008158788,-0.00952381
1332848,1333028,Please select the response that best reflects your behavior in the past month. I believe I can grow in positive ways by dealing with difficult situations.,Describes me,791,426,0.538558786,525,315,0.6,1541,789,0.512005191,1008,595,0.590277778,-0.026553595,-0.009722222
1333017,1333159,"In the past month, have you used any of the following drugs? Select all that apply.","Prescription sedatives or prescription sleeping pills (for example, Valium, Ambien, Serepax, Ativan, Xanax, Libriu, etc)",834,73,0.087529976,525,52,0.099047619,1626,126,0.077490775,1008,90,0.089285714,-0.010039201,-0.009761905
1333311,1332782,"In your day-to-day life, how often did this happen to you during the past month? You are treated with less respect than other people are.",At least once a week,791,51,0.064475348,525,43,0.081904762,1541,78,0.050616483,1008,72,0.071428571,-0.013858865,-0.010476191
1332739,45879460,"Please select the response that best reflects your behavior in the past month. Regardless of what happens to me, I believe I can control my reaction to it.",Neutral,791,210,0.265486726,525,180,0.342857143,1541,411,0.266709929,1008,335,0.33234127,0.001223203,-0.010515873
1333024,45879460,Please select the response that best reflects your behavior in the past month. I look for creative ways to alter difficult situations.,Neutral,791,234,0.295828066,525,189,0.36,1541,441,0.286177807,1008,352,0.349206349,-0.009650259,-0.010793651
1333303,45883172,"In the past 7 days, I thought about COVID-19 when I didn't mean to.",Not at all,791,129,0.163084703,525,106,0.201904762,1541,237,0.153796236,1008,192,0.19047619,-0.009288467,-0.011428572
903635,NA,How much time did you usually spend walking on one of those days (hours per day)?,NA,305,188,0.616393443,305,188,0.616393443,387,234,0.604651163,387,234,0.604651163,-0.01174228,-0.01174228
1332748,1333306,"Thinking about your current social habits, in the last 5 days: I have stayed home all day (aside from time spent outdoors, but never closer than 6 feet from people who are not from my home).",Most days (3-4 days),903,374,0.414174972,556,280,0.503597122,4477,1576,0.352021443,2051,1008,0.491467577,-0.062153529,-0.012129545
1333121,45882010,"In the past 2 weeks, how often have you been bothered by the following problem? Becoming easily annoyed or irritable.",Nearly every day,791,54,0.068268015,525,47,0.08952381,1541,87,0.056456846,1008,78,0.077380952,-0.011811169,-0.012142858
1332734,1333148,"Thinking about your current social habits, in the last 5 days: I have attended social gatherings outside my home of MORE than 10 people.",None of the days (0 days),887,734,0.827508455,552,502,0.90942029,4043,3439,0.850605986,1937,1738,0.89726381,0.023097531,-0.01215648
1333293,45876662,"In your day-to-day life, how often did this happen to you during the past month? You are threatened or harassed.",Never,791,728,0.920353982,525,494,0.940952381,1541,1414,0.917585983,1008,936,0.928571429,-0.002767999,-0.012380952
1333303,45881667,"In the past 7 days, I thought about COVID-19 when I didn't mean to.",A little bit,791,275,0.347661188,525,209,0.398095238,1541,485,0.314730694,1008,388,0.384920635,-0.032930494,-0.013174603
1333328,1332782,"In your day-to-day life, how often did this happen to you during the past month? You are treated with less courtesy than other people are.",At least once a week,791,58,0.073324905,525,50,0.095238095,1541,90,0.058403634,1008,82,0.081349206,-0.014921271,-0.013888889
1332749,1333072,"Choose the answer that best describes how you felt in the past month. In general, how happy are you?",Extremely happy,791,29,0.036662453,525,24,0.045714286,1541,40,0.025957171,1008,32,0.031746032,-0.010705282,-0.013968254
1333328,45876662,"In your day-to-day life, how often did this happen to you during the past month? You are treated with less courtesy than other people are.",Never,791,540,0.682680152,525,376,0.716190476,1541,1025,0.665152498,1008,707,0.701388889,-0.017527654,-0.014801587
1332866,45881667,"In the past 7 days, other things kept making me think about COVID-19.",A little bit,791,269,0.340075853,525,224,0.426666667,1541,513,0.332900714,1008,415,0.411706349,-0.007175139,-0.014960318
1333301,45881677,"Thinking about your current social habits, in the last 5 days: I have been in close contact with someone who is in a risk group for COVID-19. This includes someone inside or outside of your household.",Every day,903,266,0.294573643,556,183,0.329136691,4477,1077,0.240562877,2051,643,0.313505607,-0.054010766,-0.015631084
1333017,1333152,"In the past month, have you used any of the following drugs? Select all that apply.","Cannabis (also called marijuana, pot, weed, grass, hash, concentrates, etc) Please exclude your use of CBD or hemp products",834,68,0.081534772,525,52,0.099047619,1626,115,0.070725707,1008,84,0.083333333,-0.010809065,-0.015714286
1333296,45884456,"In the past 7 days, I tried not to think about COVID-19.",Quite a bit,791,106,0.134007585,525,88,0.167619048,1541,173,0.112264763,1008,153,0.151785714,-0.021742822,-0.015833334
1332800,45877994,Did your use include smoking cannabis?,Yes,68,53,0.779411765,52,38,0.730769231,115,78,0.67826087,84,60,0.714285714,-0.101150895,-0.016483517
1332744,45877994,Are you currently on chemotherapy or immunotherapy?,Yes,791,59,0.074589128,525,39,0.074285714,1541,79,0.051265412,1008,58,0.057539683,-0.023323716,-0.016746031
1333292,45881667,"In the past 7 days, I felt watchful or on-guard.",A little bit,791,235,0.297092288,525,189,0.36,1541,426,0.276443868,1008,346,0.343253968,-0.02064842,-0.016746032
1333015,903096,"Not including yourself, how many other people live at home with you?",PMI: Skip,903,90,0.099667774,556,75,0.134892086,4477,269,0.060084878,2051,242,0.117991224,-0.039582896,-0.016900862
1332735,1332864,"Thinking about your current social habits, in the last 5 days: I have attended social gatherings outside my home of LESS than 10 people.",A few days (1-2 days),887,325,0.366403608,552,252,0.456521739,4043,1267,0.313381153,1937,851,0.439339184,-0.053022455,-0.017182555
1333299,45880857,"In the past month: Did you use any type of electronic nicotine product? This includes e- cigarettes, vape pens, hookah pens, personal vaporizers and mods, e-cigars, e-pipes, and e-hookahs.","No, never",791,754,0.953223767,525,504,0.96,1541,1446,0.93835172,1008,948,0.94047619,-0.014872047,-0.01952381
1333311,45876662,"In your day-to-day life, how often did this happen to you during the past month? You are treated with less respect than other people are.",Never,791,552,0.697850822,525,384,0.731428571,1541,1033,0.670343933,1008,717,0.711309524,-0.027506889,-0.020119047
1333120,45884455,Choose the answer that is true for you in the past month. I am unhappy being so withdrawn.,Often,791,75,0.094816688,525,63,0.12,1541,117,0.075924724,1008,100,0.099206349,-0.018891964,-0.020793651
1310132,1310086,"When a COVID-19 vaccine is available, how likely are you to want to receive vaccination?",I do not know yet,112,30,0.267857143,83,25,0.301204819,2535,543,0.214201183,1553,435,0.280103026,-0.05365596,-0.021101793
1333296,45883172,"In the past 7 days, I tried not to think about COVID-19.",Not at all,791,249,0.314791403,525,194,0.36952381,1541,462,0.299805321,1008,351,0.348214286,-0.014986082,-0.021309524
1332745,45877994,"Do you regularly take immunosuppressant medications (including steroids, methotrexate, biologic agents)?",Yes,791,103,0.130214918,525,67,0.127619048,1541,149,0.096690461,1008,105,0.104166667,-0.033524457,-0.023452381
1332750,45885256,Choose the answer that best describes how you felt in the past month. To what extent do you feel your life to be meaningful?,Very much,791,357,0.451327434,525,264,0.502857143,1541,640,0.415314731,1008,483,0.479166667,-0.036012703,-0.023690476
1332801,1332791,Do you think you have used more or less cannabis in the past month than you used to?,The same as usual,68,35,0.514705882,52,26,0.5,115,51,0.443478261,84,40,0.476190476,-0.071227621,-0.023809524
1333104,1333030,"In the past month, to cope with social distancing and isolation, are you doing any of the following? Select all that apply.",Drinking alcohol,3062,117,0.03821032,556,90,0.161870504,14772,433,0.029312212,2051,280,0.136518771,-0.008898108,-0.025351733
1332741,1332777,Please select the response that best reflects your behavior in the past month. I actively look for ways to replace the losses I encounter in life.,Does not describe me,791,90,0.113780025,525,80,0.152380952,1541,151,0.097988319,1008,128,0.126984127,-0.015791706,-0.025396825
1333291,1333242,"In the past month, how has the COVID-19 outbreak affected you? Please select all that apply.",Worked remotely or from home more than you used to before COVID-19,1269,254,0.200157604,556,181,0.325539568,6392,1164,0.182102628,2051,613,0.298878596,-0.018054976,-0.026660972
1333291,1333123,"In the past month, how has the COVID-19 outbreak affected you? Please select all that apply.",Worked with children at home with me,1269,77,0.060677699,556,58,0.104316547,6392,231,0.036138924,2051,158,0.077035592,-0.024538775,-0.027280955
1333295,45881667,"In the past 7 days, I was aware that I still had a lot of feelings about COVID-19, but I didn't deal with them.",A little bit,791,241,0.304677623,525,205,0.39047619,1541,444,0.288124594,1008,366,0.363095238,-0.016553029,-0.027380952
1333104,1333143,"In the past month, to cope with social distancing and isolation, are you doing any of the following? Select all that apply.",Eating high fat or sugary foods,3062,193,0.063030699,556,155,0.278776978,14772,816,0.055239643,2051,515,0.251097026,-0.007791056,-0.027679952
1332739,1332777,"Please select the response that best reflects your behavior in the past month. Regardless of what happens to me, I believe I can control my reaction to it.",Does not describe me,791,73,0.092288243,525,63,0.12,1541,103,0.066839714,1008,93,0.092261905,-0.025448529,-0.027738095
1333221,45884455,Choose the answer that is true for you in the past month. I am an outgoing person.,Often,791,338,0.427307206,525,251,0.478095238,1541,620,0.402336145,1008,453,0.449404762,-0.024971061,-0.028690476
1333023,903096,Think of other people who live with you. How many are under the age of 18 years?,PMI: Skip,676,78,0.115384615,431,67,0.155452436,3458,241,0.069693464,1646,207,0.125759417,-0.045691151,-0.029693019
1332833,45876756,What is your current marital status?,Married,791,455,0.575221239,525,298,0.567619048,1541,843,0.547047372,1008,541,0.536706349,-0.028173867,-0.030912699
1332833,45883375,What is your current marital status?,Divorced,791,124,0.15676359,525,84,0.16,1541,175,0.113562622,1008,128,0.126984127,-0.043200968,-0.033015873
1332741,45879460,Please select the response that best reflects your behavior in the past month. I actively look for ways to replace the losses I encounter in life.,Neutral,791,286,0.361567636,525,233,0.443809524,1541,519,0.336794289,1008,414,0.410714286,-0.024773347,-0.033095238
1332806,45878245,Did you use prescription stimulants in any way a doctor did not direct you to use it?,No,23,21,0.913043478,17,15,0.882352941,48,38,0.791666667,33,28,0.848484848,-0.121376811,-0.033868093
903642,NA,How much time did you usually spend sitting on one of those days (minutes per day)?,NA,235,69,0.293617021,235,69,0.293617021,313,80,0.255591054,313,80,0.255591054,-0.038025967,-0.038025967
1333121,45883172,"In the past 2 weeks, how often have you been bothered by the following problem? Becoming easily annoyed or irritable.",Not at all,791,353,0.446270544,525,265,0.504761905,1541,658,0.426995457,1008,468,0.464285714,-0.019275087,-0.040476191
903633,903096,How much time did you usually spend doing vigorous physical activities on one of those days (hours per day)?,PMI: Skip,138,71,0.514492754,138,71,0.514492754,190,90,0.473684211,190,90,0.473684211,-0.040808543,-0.040808543
1333292,45884554,"In the past 7 days, I felt watchful or on-guard.",Moderately,791,236,0.298356511,525,194,0.36952381,1541,404,0.262167424,1008,331,0.328373016,-0.036189087,-0.041150794
1332752,45876837,How often did you use prescription sedatives or prescription sleeping pills?,Daily,73,28,0.383561644,52,23,0.442307692,126,52,0.412698413,90,36,0.4,0.029136769,-0.042307692
1333156,45883144,Do you think you have had COVID-19?,Maybe,903,107,0.118493909,556,91,0.163669065,4477,323,0.072146527,2051,245,0.119453925,-0.046347382,-0.04421514
1333018,45878245,Did you use prescription opioids in any way a doctor did not direct you to use it?,No,39,38,0.974358974,31,30,0.967741935,81,74,0.913580247,65,60,0.923076923,-0.060778727,-0.044665012
903634,903096,How much time did you usually spend doing moderate physical activities on one of those days (hours per day)?,PMI: Skip,209,102,0.488038278,209,102,0.488038278,263,116,0.441064639,263,116,0.441064639,-0.046973639,-0.046973639
1310132,45879592,"When a COVID-19 vaccine is available, how likely are you to want to receive vaccination?",Likely,112,21,0.1875,83,19,0.228915663,2535,313,0.1234714,1553,275,0.177076626,-0.0640286,-0.051839037
1332849,9448,How long has it been since you last smoked?,year,159,146,0.918238994,120,113,0.941666667,297,263,0.885521886,228,200,0.877192982,-0.032717108,-0.064473685
903630,903096,How much time did you usually spend walking on one of those days (minutes per day)?,PMI: Skip,627,182,0.290271132,432,165,0.381944444,1192,285,0.23909396,822,257,0.312652068,-0.051177172,-0.069292376
1333297,45878245,Do you personally know someone who has died of COVID-19?,No,311,231,0.742765273,250,197,0.788,3550,2313,0.651549296,1855,1333,0.718598383,-0.091215977,-0.069401617
1333291,903096,"In the past month, how has the COVID-19 outbreak affected you? Please select all that apply.",PMI: Skip,1269,157,0.123719464,556,133,0.239208633,6392,449,0.070244055,2051,338,0.16479766,-0.053475409,-0.074410973
1310056,45883772,"Thinking about your current social habits, in the last 5 days: I have gone on shopping trips or outings that were ""just for fun."" How often did you wear a face mask or face covering?",All of the time,34,21,0.617647059,27,19,0.703703704,728,425,0.583791209,580,364,0.627586207,-0.03385585,-0.076117497
1333105,1333148,"Thinking about your current social habits, in the last 5 days: I have gone to my workplace or volunteer site that is outside my home.",None of the days (0 days),887,553,0.623449831,552,372,0.673913043,4043,2073,0.512738066,1937,1149,0.593185338,-0.110711765,-0.080727705
1332824,45878245,Did you use prescription sedatives or prescription sleeping pills in any way a doctor did not direct you to use it?,No,73,71,0.97260274,52,51,0.980769231,126,108,0.857142857,90,81,0.9,-0.115459883,-0.080769231
1310133,36308333,"If you know it, what is your blood group?",Group A,112,38,0.339285714,83,30,0.361445783,2936,789,0.26873297,1689,440,0.260509177,-0.070552744,-0.100936606
1333325,45878245,"In the past month, have you been sick for more than one day with a new illness related to COVID-19 or flu-like symptoms?",No,903,870,0.96345515,556,539,0.96942446,4477,3559,0.794951977,2051,1780,0.867869332,-0.168503173,-0.101555128
903629,903096,How much time did you usually spend doing moderate physical activities on one of those those days (minutes per day)?,PMI: Skip,426,142,0.333333333,302,135,0.447019868,790,201,0.25443038,580,190,0.327586207,-0.078902953,-0.119433661
903631,903096,How much time did you usually spend doing vigorous physical activities on one of those days (minutes per day)?,PMI: Skip,285,105,0.368421053,215,99,0.460465116,517,136,0.263056093,392,127,0.323979592,-0.10536496,-0.136485524
1332826,1332799,Do you think you have used more or less prescription sedatives or prescription sleeping pills in the past month than you used to?,More often than usual,73,25,0.342465753,52,20,0.384615385,126,31,0.246031746,90,22,0.244444444,-0.096434007,-0.140170941
1333019,1332791,Do you think you have used more or less prescription opioids in the past month than you used to?,The same as usual,39,28,0.717948718,31,22,0.709677419,81,42,0.518518519,65,34,0.523076923,-0.199430199,-0.186600496
1310051,903096,"Thinking about your current social habits, in the last 5 days: I have attended social gatherings outside my home of LESS than 10 people. How often did you wear a face mask or face covering?",PMI: Skip,48,22,0.458333333,38,20,0.526315789,867,269,0.310265283,671,223,0.332339791,-0.14806805,-0.193975998
1333235,1332779,Which of the following symptoms did you have? (select all that apply).,Runny or stuffy nose,177,21,0.118644068,29,20,0.689655172,5717,419,0.073290187,767,378,0.492829205,-0.045353881,-0.196825967
1332763,1332743,"Have you EVER been near someone that you know, or suspect, had COVID-19 (such as co-workers, family members, or others)? Select all that apply.",Not that I know of,912,727,0.797149123,556,469,0.84352518,4709,2305,0.489488214,2051,1281,0.624573379,-0.307660909,-0.218951801
1332847,903096,"In the past month, have the following behaviors increased in your household? Select all that apply.",PMI: Skip,1066,231,0.216697936,556,231,0.415467626,5273,387,0.073392756,2051,380,0.185275475,-0.14330518,-0.230192151
1333156,45878245,Do you think you have had COVID-19?,No,903,756,0.837209302,556,480,0.863309353,4477,2121,0.473754746,2051,1194,0.582155046,-0.363454556,-0.281154307
1333294,903096,"In the past month, have you experienced the following as a result of COVID-19? Select all that apply.",PMI: Skip,1001,343,0.342657343,556,330,0.59352518,4954,576,0.116269681,2051,541,0.263773769,-0.226387662,-0.329751411
