question_concept_id,responce_concpet_id,Question,Response removed due to invalid value,q_cnt,a_cnt,ev_prop,q_pt,a_pt,pt_prop
1333325,45878245,"In the past month, have you been sick for more than one day with a new illness related to COVID-19 or flu-like symptoms?",No,264664,252349,0.953469304,99713,97161,0.974406547
1333015,NA,"Not including yourself, how many other people live at home with you?",NA,264664,250153,0.945171992,99713,96763,0.970415091
1333156,45878245,Do you think you have had COVID-19?,No,264664,218871,0.826976846,99713,87251,0.875021311
1332763,1332743,"Have you EVER been near someone that you know, or suspect, had COVID-19 (such as co-workers, family members, or others)? Select all that apply.",Not that I know of,270360,205329,0.759465158,99713,84401,0.846439281
1333294,1333170,"In the past month, have you experienced the following as a result of COVID-19? Select all that apply.","None of the above (if selected, no other response options are available",281888,199373,0.707277358,99713,84316,0.845586834
1333119,1333003,"Thinking about these activities in the last 5 days, my social interaction with people outside my home was.",A lot less than normal,264664,183086,0.691767675,99713,81359,0.815931724
1333300,45883772,"Now, thinking about the COVID-19 recommendations and mandates...How often in the past month are you doing the recommended pandemic hygiene?",All of the time,264664,169483,0.640370432,99713,75968,0.761866557
1332847,1333170,"In the past month, have the following behaviors increased in your household? Select all that apply.","None of the above (if selected, no other response options are available",303115,150887,0.497787968,99713,70251,0.704532007
1333104,1333340,"In the past month, to cope with social distancing and isolation, are you doing any of the following? Select all that apply.","Engaging in healthy behaviors like trying to eat healthy, well-balanced meals, exercising regularly, getting plenty of sleep, or avoiding alcohol and drugs",918790,145894,0.158789277,99713,66208,0.663985639
1333104,1333133,"In the past month, to cope with social distancing and isolation, are you doing any of the following? Select all that apply.","Taking breaks from watching, reading, or listening to news stories, including social media",918790,141502,0.154009077,99713,65841,0.660305076
1333301,1333148,"Thinking about your current social habits, in the last 5 days: I have been in close contact with someone who is in a risk group for COVID-19. This includes someone inside or outside of your household.",None of the days (0 days),264664,125284,0.473370009,99713,64737,0.6492333
1332748,1333306,"Thinking about your current social habits, in the last 5 days: I have stayed home all day (aside from time spent outdoors, but never closer than 6 feet from people who are not from my home).",Most days (3-4 days),264664,111925,0.422894689,99713,60170,0.603431849
1333104,1332789,"In the past month, to cope with social distancing and isolation, are you doing any of the following? Select all that apply.",Making time to relax,918790,104600,0.113845384,99713,55170,0.553287936
1333102,45876949,"In the past month, have recommendations for socially distancing caused stress for you?",A little,264664,97504,0.368406735,99713,54619,0.547762077
1333104,1333226,"In the past month, to cope with social distancing and isolation, are you doing any of the following? Select all that apply.","Taking care of your body, such as taking deep breaths, stretching, or meditating",918790,106700,0.116130998,99713,53015,0.53167591
1333104,1333130,"In the past month, to cope with social distancing and isolation, are you doing any of the following? Select all that apply.","Connecting with others, including talking with people you trust about your concerns and how you are feeling",918790,95716,0.104176145,99713,50440,0.505851795
1333300,1333232,"Now, thinking about the COVID-19 recommendations and mandates...How often in the past month are you doing the recommended pandemic hygiene?",Most of the time; I try my best,264664,82835,0.312981743,99713,45135,0.452649103
1332748,1332864,"Thinking about your current social habits, in the last 5 days: I have stayed home all day (aside from time spent outdoors, but never closer than 6 feet from people who are not from my home).",A few days (1-2 days),264664,68549,0.259003869,99713,44735,0.44863759
1333294,903096,"In the past month, have you experienced the following as a result of COVID-19? Select all that apply.",PMI: Skip,281888,46340,0.164391531,99713,43174,0.43298266
1333291,1333170,"In the past month, how has the COVID-19 outbreak affected you? Please select all that apply.","None of the above (if selected, no other response options are available",362991,87556,0.241207082,99713,43033,0.431568602
1333102,45883172,"In the past month, have recommendations for socially distancing caused stress for you?",Not at all,264664,80161,0.302878367,99713,42809,0.429322155
1333104,1333142,"In the past month, to cope with social distancing and isolation, are you doing any of the following? Select all that apply.","Increasing watching, reading, or listening to news stories, including social media",918790,71455,0.077770764,99713,42609,0.427316398
1333102,45876385,"In the past month, have recommendations for socially distancing caused stress for you?",Somewhat,264664,64784,0.244778285,99713,40655,0.407720157
1333291,1333242,"In the past month, how has the COVID-19 outbreak affected you? Please select all that apply.",Worked remotely or from home more than you used to before COVID-19,362991,84453,0.232658661,99713,38252,0.383620992
1333301,45881677,"Thinking about your current social habits, in the last 5 days: I have been in close contact with someone who is in a risk group for COVID-19. This includes someone inside or outside of your household.",Every day,264664,72040,0.272194178,99713,36081,0.361848505
1332847,1333126,"In the past month, have the following behaviors increased in your household? Select all that apply.",Interpersonal conflict with family members or loved ones,303115,50640,0.167065305,99713,31149,0.312386549
1332847,903096,"In the past month, have the following behaviors increased in your household? Select all that apply.",PMI: Skip,303115,31447,0.103746103,99713,30675,0.307632906
1332748,45881677,"Thinking about your current social habits, in the last 5 days: I have stayed home all day (aside from time spent outdoors, but never closer than 6 feet from people who are not from my home).",Every day,264664,47196,0.178324215,99713,30588,0.306760402
1333301,1332864,"Thinking about your current social habits, in the last 5 days: I have been in close contact with someone who is in a risk group for COVID-19. This includes someone inside or outside of your household.",A few days (1-2 days),264664,44967,0.169902216,99713,30328,0.304152919
1332847,1333240,"In the past month, have the following behaviors increased in your household? Select all that apply.",Snapping at or yelling at family members,303115,51041,0.168388235,99713,29937,0.300231665
1333104,1333144,"In the past month, to cope with social distancing and isolation, are you doing any of the following? Select all that apply.",Eating more food than usual,918790,47764,0.051985764,99713,29894,0.299800427
1333119,1333239,"Thinking about these activities in the last 5 days, my social interaction with people outside my home was.",Somewhat less than normal,264664,44590,0.168477768,99713,29429,0.295137043
1333104,1333143,"In the past month, to cope with social distancing and isolation, are you doing any of the following? Select all that apply.",Eating high fat or sugary foods,918790,46853,0.050994242,99713,28254,0.283353224
1332763,1333320,"Have you EVER been near someone that you know, or suspect, had COVID-19 (such as co-workers, family members, or others)? Select all that apply.","Yes, known COVID-19",270360,41285,0.152703802,99713,26679,0.267557891
1333291,903096,"In the past month, how has the COVID-19 outbreak affected you? Please select all that apply.",PMI: Skip,362991,36559,0.100715996,99713,24997,0.250689479
1332748,1333148,"Thinking about your current social habits, in the last 5 days: I have stayed home all day (aside from time spent outdoors, but never closer than 6 feet from people who are not from my home).",None of the days (0 days),264664,35295,0.133357767,99713,23448,0.235154895
1333104,1333199,"In the past month, to cope with social distancing and isolation, are you doing any of the following? Select all that apply.",Contacting a healthcare provider,918790,33101,0.036026731,99713,22133,0.221967045
1333104,1332761,"In the past month, to cope with social distancing and isolation, are you doing any of the following? Select all that apply.",Delaying medical care for conditions other than COVID-19,918790,28216,0.030709955,99713,19833,0.198900845
1333291,1333138,"In the past month, how has the COVID-19 outbreak affected you? Please select all that apply.",Worked more hours than usual,362991,35580,0.098018959,99713,19682,0.197386499
1333104,1333030,"In the past month, to cope with social distancing and isolation, are you doing any of the following? Select all that apply.",Drinking alcohol,918790,31980,0.034806648,99713,18635,0.186886364
1333156,45883144,Do you think you have had COVID-19?,Maybe,264664,27794,0.105016171,99713,17202,0.172515118
1333119,1333008,"Thinking about these activities in the last 5 days, my social interaction with people outside my home was.",About the same as normal,264664,24501,0.092573981,99713,17031,0.170800197
1333291,1332771,"In the past month, how has the COVID-19 outbreak affected you? Please select all that apply.",Worked reduced hours,362991,27556,0.075913728,99713,17028,0.17077011
1332763,1333304,"Have you EVER been near someone that you know, or suspect, had COVID-19 (such as co-workers, family members, or others)? Select all that apply.","Yes, suspected COVID-19",270360,22354,0.082682349,99713,16402,0.164492092
1333291,1333150,"In the past month, how has the COVID-19 outbreak affected you? Please select all that apply.",Income or pay has been reduced,362991,25140,0.069257915,99713,16029,0.160751356
1333102,45883539,"In the past month, have recommendations for socially distancing caused stress for you?",A lot,264664,19450,0.073489405,99713,14003,0.140433043
1332847,1333233,"In the past month, have the following behaviors increased in your household? Select all that apply.",Interpersonal conflict with friends or coworkers,303115,19100,0.063012388,99713,13411,0.134496004
1333301,1333306,"Thinking about your current social habits, in the last 5 days: I have been in close contact with someone who is in a risk group for COVID-19. This includes someone inside or outside of your household.",Most days (3-4 days),264664,15304,0.05782426,99713,12105,0.121398413
1333015,903096,"Not including yourself, how many other people live at home with you?",PMI: Skip,264664,14249,0.053838074,99713,11954,0.119884067
1333104,1333170,"In the past month, to cope with social distancing and isolation, are you doing any of the following? Select all that apply.","None of the above (if selected, no other response options are available",918790,14757,0.016061342,99713,10745,0.107759269
1333156,45877994,Do you think you have had COVID-19?,Yes,264664,16972,0.064126591,99713,10695,0.10725783
1333104,1333149,"In the past month, to cope with social distancing and isolation, are you doing any of the following? Select all that apply.",Eating less food than usual,918790,13402,0.014586576,99713,9836,0.098643106
1333291,1333029,"In the past month, how has the COVID-19 outbreak affected you? Please select all that apply.",I became unemployed,362991,15959,0.043965277,99713,9590,0.096176025
1333291,1333123,"In the past month, how has the COVID-19 outbreak affected you? Please select all that apply.",Worked with children at home with me,362991,16948,0.046689863,99713,9496,0.09523332
1333325,45877994,"In the past month, have you been sick for more than one day with a new illness related to COVID-19 or flu-like symptoms?",Yes,264664,10682,0.040360608,99713,9129,0.091552756
1333294,1333146,"In the past month, have you experienced the following as a result of COVID-19? Select all that apply.",Not enough money to pay for food,281888,11376,0.040356454,99713,7581,0.076028201
1333104,1333122,"In the past month, to cope with social distancing and isolation, are you doing any of the following? Select all that apply.",Using cannabis or marijuana,918790,11759,0.012798354,99713,7065,0.070853349
1333294,1333223,"In the past month, have you experienced the following as a result of COVID-19? Select all that apply.",Not enough money to pay rent,281888,10042,0.035624078,99713,6835,0.068546729
1333291,1333134,"In the past month, how has the COVID-19 outbreak affected you? Please select all that apply.",Had serious financial problems,362991,9918,0.027322991,99713,6809,0.068285981
1333300,45882528,"Now, thinking about the COVID-19 recommendations and mandates...How often in the past month are you doing the recommended pandemic hygiene?",Sometimes,264664,8675,0.032777408,99713,6367,0.063853259
1333291,1332772,"In the past month, how has the COVID-19 outbreak affected you? Please select all that apply.",Not paid at all,362991,8157,0.022471632,99713,6306,0.063241503
1333119,1333025,"Thinking about these activities in the last 5 days, my social interaction with people outside my home was.",More than normal,264664,5599,0.021155125,99713,5188,0.052029324
1333294,1333145,"In the past month, have you experienced the following as a result of COVID-19? Select all that apply.",Not enough money to pay for gas,281888,6852,0.024307526,99713,4916,0.049301495
1333119,1332775,"Thinking about these activities in the last 5 days, my social interaction with people outside my home was.",A lot more than normal,264664,5309,0.020059396,99713,4871,0.0488502
1333301,45876636,"Thinking about your current social habits, in the last 5 days: I have been in close contact with someone who is in a risk group for COVID-19. This includes someone inside or outside of your household.",Don't know,264664,5370,0.020289877,99713,4703,0.047165365
1333294,1333141,"In the past month, have you experienced the following as a result of COVID-19? Select all that apply.",Did not have enough money to pay for medications,281888,6651,0.023594477,99713,4563,0.045761335
1333104,903096,"In the past month, to cope with social distancing and isolation, are you doing any of the following? Select all that apply.",PMI: Skip,918790,4998,0.005439763,99713,4512,0.045249867
1333291,1333339,"In the past month, how has the COVID-19 outbreak affected you? Please select all that apply.",Was not able to work due to COVID-19 related illness,362991,5374,0.014804775,99713,4387,0.043996269
1333291,1333136,"In the past month, how has the COVID-19 outbreak affected you? Please select all that apply.",Had difficulty arranging for childcare,362991,7065,0.019463292,99713,4358,0.043705435
1333104,1333237,"In the past month, to cope with social distancing and isolation, are you doing any of the following? Select all that apply.","Using prescription drugs (like valium, etc)",918790,5804,0.006317004,99713,4221,0.042331491
1333104,1332785,"In the past month, to cope with social distancing and isolation, are you doing any of the following? Select all that apply.",Smoking more cigarettes or vaping more,918790,6994,0.007612186,99713,4177,0.041890225
1333104,1333338,"In the past month, to cope with social distancing and isolation, are you doing any of the following? Select all that apply.",Using non-prescription drugs,918790,3293,0.003584062,99713,2721,0.027288317
1333102,903096,"In the past month, have recommendations for socially distancing caused stress for you?",PMI: Skip,264664,2765,0.010447209,99713,2628,0.026355641
1333104,1333009,"In the past month, to cope with social distancing and isolation, are you doing any of the following? Select all that apply.",Over exercise,918790,3313,0.003605829,99713,2490,0.024971669
1333291,1333222,"In the past month, how has the COVID-19 outbreak affected you? Please select all that apply.",Incurred increased costs for childcare expenses,362991,2726,0.007509828,99713,1950,0.019556126
1333301,903096,"Thinking about your current social habits, in the last 5 days: I have been in close contact with someone who is in a risk group for COVID-19. This includes someone inside or outside of your household.",PMI: Skip,264664,1699,0.00641946,99713,1646,0.016507376
1332748,903096,"Thinking about your current social habits, in the last 5 days: I have stayed home all day (aside from time spent outdoors, but never closer than 6 feet from people who are not from my home).",PMI: Skip,264664,1699,0.00641946,99713,1644,0.016487319
1333325,903096,"In the past month, have you been sick for more than one day with a new illness related to COVID-19 or flu-like symptoms?",PMI: Skip,264664,1633,0.006170087,99713,1564,0.015685016
1333300,45876672,"Now, thinking about the COVID-19 recommendations and mandates...How often in the past month are you doing the recommended pandemic hygiene?",Rarely,264664,2183,0.008248194,99713,1555,0.015594757
1333119,903096,"Thinking about these activities in the last 5 days, my social interaction with people outside my home was.",PMI: Skip,264664,1579,0.005966055,99713,1536,0.01540421
1333300,903096,"Now, thinking about the COVID-19 recommendations and mandates...How often in the past month are you doing the recommended pandemic hygiene?",PMI: Skip,264664,1488,0.005622223,99713,1438,0.014421389
1332763,903096,"Have you EVER been near someone that you know, or suspect, had COVID-19 (such as co-workers, family members, or others)? Select all that apply.",PMI: Skip,270360,1392,0.005148691,99713,1348,0.013518799
1333294,1333227,"In the past month, have you experienced the following as a result of COVID-19? Select all that apply.",Did not have a regular place to sleep or stay,281888,1254,0.004448575,99713,1053,0.010560308
1333156,903096,Do you think you have had COVID-19?,PMI: Skip,264664,1027,0.003880392,99713,994,0.00996861
1333104,1333305,"In the past month, to cope with social distancing and isolation, are you doing any of the following? Select all that apply.",Cutting or self-injury,918790,689,7.50E-04,99713,499,0.005004363
1333015,2000000010,"Not including yourself, how many other people live at home with you?",Response removed due to invalid value,264664,121,4.57E-04,99713,96,9.63E-04
1333015,2000000013,"Not including yourself, how many other people live at home with you?",11 or more household members,264664,141,5.33E-04,99713,85,8.52E-04
1332762,1333148,"Thinking about your current social habits, in the last 5 days: I have visited nursing homes or long-term care facilities (outside of work duties).",None of the days (0 days),244819,239666,0.978951797,96397,95315,0.988775584
1332734,1333148,"Thinking about your current social habits, in the last 5 days: I have attended social gatherings outside my home of MORE than 10 people.",None of the days (0 days),244819,219748,0.897593733,96397,90882,0.942788676
1332738,1333148,"Thinking about your current social habits, in the last 5 days: I have gone on shopping trips or outings that were ""just for fun"".",None of the days (0 days),244819,176587,0.721296141,96397,79958,0.829465647
1332735,1333148,"Thinking about your current social habits, in the last 5 days: I have attended social gatherings outside my home of LESS than 10 people.",None of the days (0 days),244819,161249,0.658645775,96397,76807,0.796777908
1333105,1333148,"Thinking about your current social habits, in the last 5 days: I have gone to my workplace or volunteer site that is outside my home.",None of the days (0 days),244819,157482,0.643258897,96397,69274,0.718632323
1332735,1332864,"Thinking about your current social habits, in the last 5 days: I have attended social gatherings outside my home of LESS than 10 people.",A few days (1-2 days),244819,71291,0.291198804,96397,44651,0.463199062
1332738,1332864,"Thinking about your current social habits, in the last 5 days: I have gone on shopping trips or outings that were ""just for fun"".",A few days (1-2 days),244819,58152,0.237530584,96397,38099,0.395230142
1333105,1332864,"Thinking about your current social habits, in the last 5 days: I have gone to my workplace or volunteer site that is outside my home.",A few days (1-2 days),244819,34366,0.140373092,96397,22932,0.237891221
1333105,1333306,"Thinking about your current social habits, in the last 5 days: I have gone to my workplace or volunteer site that is outside my home.",Most days (3-4 days),244819,27767,0.113418485,96397,18181,0.188605455
1332734,1332864,"Thinking about your current social habits, in the last 5 days: I have attended social gatherings outside my home of MORE than 10 people.",A few days (1-2 days),244819,20351,0.083126718,96397,15613,0.161965621
1333105,45881677,"Thinking about your current social habits, in the last 5 days: I have gone to my workplace or volunteer site that is outside my home.",Every day,244819,20685,0.084490991,96397,13270,0.137659886
1332735,1333306,"Thinking about your current social habits, in the last 5 days: I have attended social gatherings outside my home of LESS than 10 people.",Most days (3-4 days),244819,6997,0.028580298,96397,5857,0.060759152
1332738,1333306,"Thinking about your current social habits, in the last 5 days: I have gone on shopping trips or outings that were ""just for fun"".",Most days (3-4 days),244819,6157,0.025149192,96397,5025,0.052128178
1333105,903096,"Thinking about your current social habits, in the last 5 days: I have gone to my workplace or volunteer site that is outside my home.",PMI: Skip,244819,4519,0.018458535,96397,3929,0.04075853
1332735,903096,"Thinking about your current social habits, in the last 5 days: I have attended social gatherings outside my home of LESS than 10 people.",PMI: Skip,244819,2693,0.010999963,96397,2600,0.026971794
1332735,45881677,"Thinking about your current social habits, in the last 5 days: I have attended social gatherings outside my home of LESS than 10 people.",Every day,244819,2589,0.01057516,96397,2317,0.024036018
1332738,903096,"Thinking about your current social habits, in the last 5 days: I have gone on shopping trips or outings that were ""just for fun"".",PMI: Skip,244819,2359,0.00963569,96397,2285,0.023704057
1332762,1332864,"Thinking about your current social habits, in the last 5 days: I have visited nursing homes or long-term care facilities (outside of work duties).",A few days (1-2 days),244819,2788,0.011388005,96397,2188,0.022697802
1332734,903096,"Thinking about your current social habits, in the last 5 days: I have attended social gatherings outside my home of MORE than 10 people.",PMI: Skip,244819,2220,0.009067924,96397,2158,0.022386589
1332762,903096,"Thinking about your current social habits, in the last 5 days: I have visited nursing homes or long-term care facilities (outside of work duties).",PMI: Skip,244819,1744,0.00712363,96397,1690,0.017531666
1332734,1333306,"Thinking about your current social habits, in the last 5 days: I have attended social gatherings outside my home of MORE than 10 people.",Most days (3-4 days),244819,1749,0.007144053,96397,1565,0.016234945
1332738,45881677,"Thinking about your current social habits, in the last 5 days: I have gone on shopping trips or outings that were ""just for fun"".",Every day,244819,1564,0.006388393,96397,1303,0.013517018
1332734,45881677,"Thinking about your current social habits, in the last 5 days: I have attended social gatherings outside my home of MORE than 10 people.",Every day,244819,751,0.003067572,96397,683,0.007085283
1332762,1333306,"Thinking about your current social habits, in the last 5 days: I have visited nursing homes or long-term care facilities (outside of work duties).",Most days (3-4 days),244819,297,0.001213141,96397,267,0.002769796
1332762,45881677,"Thinking about your current social habits, in the last 5 days: I have visited nursing homes or long-term care facilities (outside of work duties).",Every day,244819,324,0.001323427,96397,265,0.002749048
1333297,45878245,Do you personally know someone who has died of COVID-19?,No,187710,137508,0.732555538,87055,68994,0.792533456
1333297,45877994,Do you personally know someone who has died of COVID-19?,Yes,187710,49444,0.263406318,87055,29935,0.343863075
1333297,903096,Do you personally know someone who has died of COVID-19?,PMI: Skip,187710,758,0.004038144,87055,738,0.008477399
1333023,NA,Think of other people who live with you. How many are under the age of 18 years?,NA,201321,188362,0.935630163,80555,77686,0.964384582
1333023,903096,Think of other people who live with you. How many are under the age of 18 years?,PMI: Skip,201321,12770,0.063431038,80555,10841,0.134578859
1333023,2000000012,Think of other people who live with you. How many are under the age of 18 years?,6 or more household members under the age of 18,201321,168,8.34E-04,80555,127,0.001576563
1333023,2000000010,Think of other people who live with you. How many are under the age of 18 years?,Response removed due to invalid value,201321,21,1.04E-04,80555,20,2.48E-04
1310140,45878245,"Do you have a child(ren) that are currently enrolled in childcare centers, schools, or colleges?",No,147042,120053,0.816453802,78282,63847,0.815602565
1310133,36309715,"If you know it, what is your blood group?",Group O,147042,49146,0.334231036,78282,26606,0.33987379
1310133,36308333,"If you know it, what is your blood group?",Group A,147042,40520,0.275567525,78282,21765,0.278033264
1310133,1310090,"If you know it, what is your blood group?",I don't know my blood group for certain,147042,34489,0.234552033,78282,20663,0.263955954
1310140,45877994,"Do you have a child(ren) that are currently enrolled in childcare centers, schools, or colleges?",Yes,147042,26092,0.1774459,78282,16030,0.204772489
1310133,36309587,"If you know it, what is your blood group?",Group B,147042,14776,0.100488296,78282,8271,0.105656473
1310133,36311267,"If you know it, what is your blood group?",Group AB,147042,6082,0.041362332,78282,3436,0.043892593
1310133,903096,"If you know it, what is your blood group?",PMI: Skip,147042,1644,0.011180479,78282,1496,0.019110396
1310140,903096,"Do you have a child(ren) that are currently enrolled in childcare centers, schools, or colleges?",PMI: Skip,147042,897,0.006100298,78282,849,0.010845405
1310133,1177221,"If you know it, what is your blood group?",I prefer not to answer,147042,385,0.0026183,78282,348,0.004445466
1310132,45880190,"When a COVID-19 vaccine is available, how likely are you to want to receive vaccination?",Very likely,124294,79891,0.642758299,71768,50376,0.701928436
1310132,1310086,"When a COVID-19 vaccine is available, how likely are you to want to receive vaccination?",I do not know yet,124294,18374,0.147826926,71768,14626,0.203795563
1310132,45879592,"When a COVID-19 vaccine is available, how likely are you to want to receive vaccination?",Likely,124294,15046,0.1210517,71768,13024,0.181473637
1310132,45877240,"When a COVID-19 vaccine is available, how likely are you to want to receive vaccination?",Very unlikely,124294,6571,0.052866591,71768,4861,0.067732137
1310132,45877241,"When a COVID-19 vaccine is available, how likely are you to want to receive vaccination?",Unlikely,124294,3926,0.0315864,71768,3450,0.048071564
1310132,903096,"When a COVID-19 vaccine is available, how likely are you to want to receive vaccination?",PMI: Skip,124294,486,0.003910084,71768,482,0.006716085
1310134,1333148,"Thinking about your current social habits, in the last 5 days: I have attended social gatherings of MORE than 50 people.",None of the days (0 days),127197,121317,0.953772495,71679,69477,0.969279705
1310134,1332864,"Thinking about your current social habits, in the last 5 days: I have attended social gatherings of MORE than 50 people.",A few days (1-2 days),127197,4584,0.036038586,71679,3817,0.053251301
1310134,903096,"Thinking about your current social habits, in the last 5 days: I have attended social gatherings of MORE than 50 people.",PMI: Skip,127197,898,0.007059915,71679,885,0.012346712
1310134,1333306,"Thinking about your current social habits, in the last 5 days: I have attended social gatherings of MORE than 50 people.",Most days (3-4 days),127197,261,0.002051935,71679,253,0.003529625
1310134,45881677,"Thinking about your current social habits, in the last 5 days: I have attended social gatherings of MORE than 50 people.",Every day,127197,137,0.001077069,71679,129,0.00179969
1332744,45878245,Are you currently on chemotherapy or immunotherapy?,No,117622,111730,0.94990733,69144,66266,0.958376721
1333299,45880857,"In the past month: Did you use any type of electronic nicotine product? This includes e- cigarettes, vape pens, hookah pens, personal vaporizers and mods, e-cigars, e-pipes, and e-hookahs.","No, never",117622,111147,0.944950775,69144,65745,0.950841722
1333293,45876662,"In your day-to-day life, how often did this happen to you during the past month? You are threatened or harassed.",Never,117622,110140,0.936389451,69144,65667,0.949713641
1332745,45878245,"Do you regularly take immunosuppressant medications (including steroids, methotrexate, biologic agents)?",No,117622,108123,0.919241298,69144,64296,0.929885456
1333298,45876662,"In your day-to-day life, how often did this happen to you during the past month? You are called names or insulted.",Never,117622,106519,0.905604394,69144,63810,0.922856647
1333289,45877994,"Think about the time you spent walking in the last 7 days. During the last 7 days, did you walk for at least 10 minutes at a time?",Yes,117622,95670,0.813368247,69144,59048,0.853985885
1332767,45880857,"In the past month: Did someone in your home smoke tobacco/nicotine (including cigarettes, cigar, cigarillos, pipes, hookah) every day, some days, or not at all?","No, never",117622,93214,0.7924878,69144,57381,0.829876779
1333011,45880857,"In the past month: Did you smoke tobacco/nicotine (including cigarettes, cigar, cigarillos, pipes, hookah) every day, some days, or not at all?","No, never",117622,89952,0.764754893,69144,55187,0.798145898
1333017,45878582,"In the past month, have you used any of the following drugs? Select all that apply.",None,123878,86029,0.694465523,69144,53226,0.769784797
1333311,45876662,"In your day-to-day life, how often did this happen to you during the past month? You are treated with less respect than other people are.",Never,117622,82677,0.702904219,69144,51733,0.748192179
1333328,45876662,"In your day-to-day life, how often did this happen to you during the past month? You are treated with less courtesy than other people are.",Never,117622,82418,0.70070225,69144,51697,0.747671526
1332848,1333028,Please select the response that best reflects your behavior in the past month. I believe I can grow in positive ways by dealing with difficult situations.,Describes me,117622,60722,0.516246961,69144,42189,0.610161402
1332749,1333116,"Choose the answer that best describes how you felt in the past month. In general, how happy are you?",Moderately happy,117622,60272,0.512421146,69144,41771,0.604116048
1332833,45876756,What is your current marital status?,Married,117622,68872,0.585536719,69144,40095,0.579876779
1332739,1333028,"Please select the response that best reflects your behavior in the past month. Regardless of what happens to me, I believe I can control my reaction to it.",Describes me,117622,56130,0.477206645,69144,39420,0.570114544
1333295,45883172,"In the past 7 days, I was aware that I still had a lot of feelings about COVID-19, but I didn't deal with them.",Not at all,117622,58333,0.495936134,69144,38930,0.563027884
1333024,1333028,Please select the response that best reflects your behavior in the past month. I look for creative ways to alter difficult situations.,Describes me,117622,50953,0.43319277,69144,36287,0.524803309
1333120,45876662,Choose the answer that is true for you in the past month. I am unhappy being so withdrawn.,Never,117622,53255,0.452763939,69144,35698,0.516284855
1333121,45883172,"In the past 2 weeks, how often have you been bothered by the following problem? Becoming easily annoyed or irritable.",Not at all,117622,54088,0.459845947,69144,35489,0.513262177
1332741,1333028,Please select the response that best reflects your behavior in the past month. I actively look for ways to replace the losses I encounter in life.,Describes me,117622,48267,0.410356906,69144,34996,0.50613213
1333121,45879886,"In the past 2 weeks, how often have you been bothered by the following problem? Becoming easily annoyed or irritable.",Several days,117622,47871,0.406990189,69144,34589,0.500245864
1333221,45882528,Choose the answer that is true for you in the past month. I am an outgoing person.,Sometimes,117622,50586,0.430072605,69144,34540,0.499537198
1332750,45885256,Choose the answer that best describes how you felt in the past month. To what extent do you feel your life to be meaningful?,Very much,117622,49181,0.418127561,69144,34470,0.498524818
1332866,45881667,"In the past 7 days, other things kept making me think about COVID-19.",A little bit,117622,38706,0.329071092,69144,29790,0.430839986
1332741,45879460,Please select the response that best reflects your behavior in the past month. I actively look for ways to replace the losses I encounter in life.,Neutral,117622,39079,0.332242268,69144,29384,0.424968182
1333296,45881667,"In the past 7 days, I tried not to think about COVID-19.",A little bit,117622,37209,0.316343881,69144,29301,0.423767789
1333303,45881667,"In the past 7 days, I thought about COVID-19 when I didn't mean to.",A little bit,117622,38715,0.329147608,69144,29217,0.422552933
1333296,45883172,"In the past 7 days, I tried not to think about COVID-19.",Not at all,117622,40614,0.345292547,69144,28810,0.416666667
1333221,45884455,Choose the answer that is true for you in the past month. I am an outgoing person.,Often,117622,41128,0.349662478,69144,27512,0.39789425
1333292,45881667,"In the past 7 days, I felt watchful or on-guard.",A little bit,117622,35329,0.300360477,69144,27037,0.391024529
1333295,45881667,"In the past 7 days, I was aware that I still had a lot of feelings about COVID-19, but I didn't deal with them.",A little bit,117622,33731,0.286774583,69144,26522,0.383576305
1332750,45882006,Choose the answer that best describes how you felt in the past month. To what extent do you feel your life to be meaningful?,A moderate amount,117622,34936,0.297019265,69144,26195,0.378847044
1333292,45884554,"In the past 7 days, I felt watchful or on-guard.",Moderately,117622,31505,0.267849552,69144,25694,0.371601296
1332835,45879540,"Choose the answer that best describes how you felt in the past month. In uncertain times, I usually expect the best.",Agree a little,117622,32492,0.276240839,69144,25157,0.363834895
1333024,45879460,Please select the response that best reflects your behavior in the past month. I look for creative ways to alter difficult situations.,Neutral,117622,32383,0.275314142,69144,24341,0.352033437
1332866,45884554,"In the past 7 days, other things kept making me think about COVID-19.",Moderately,117622,28740,0.244342045,69144,23922,0.34597362
1333303,45884554,"In the past 7 days, I thought about COVID-19 when I didn't mean to.",Moderately,117622,28470,0.242046556,69144,23540,0.340448918
1332835,45883275,"Choose the answer that best describes how you felt in the past month. In uncertain times, I usually expect the best.",Agree a lot,117622,32967,0.280279199,69144,23158,0.334924216
1333120,45876672,Choose the answer that is true for you in the past month. I am unhappy being so withdrawn.,Rarely,117622,29115,0.247530224,69144,23044,0.333275483
1332835,45880775,"Choose the answer that best describes how you felt in the past month. In uncertain times, I usually expect the best.",Neither agree nor disagree,117622,28716,0.244138001,69144,22569,0.326405762
1332739,45879460,"Please select the response that best reflects your behavior in the past month. Regardless of what happens to me, I believe I can control my reaction to it.",Neutral,117622,28760,0.244512081,69144,22212,0.321242624
1333292,45884456,"In the past 7 days, I felt watchful or on-guard.",Quite a bit,117622,26015,0.22117461,69144,20830,0.301255351
1333296,45884554,"In the past 7 days, I tried not to think about COVID-19.",Moderately,117622,25011,0.212638792,69144,20690,0.299230591
1332749,37079442,"Choose the answer that best describes how you felt in the past month. In general, how happy are you?",Very happy,117622,28686,0.243882947,69144,20590,0.297784334
1332848,1332784,Please select the response that best reflects your behavior in the past month. I believe I can grow in positive ways by dealing with difficult situations.,Describes me very well,117622,27796,0.236316335,69144,20155,0.291493116
1333120,45882528,Choose the answer that is true for you in the past month. I am unhappy being so withdrawn.,Sometimes,117622,25377,0.215750455,69144,19781,0.286084114
1333311,1332783,"In your day-to-day life, how often did this happen to you during the past month? You are treated with less respect than other people are.",A few times a month,117622,25070,0.213140399,69144,19599,0.283451926
1333328,1332783,"In your day-to-day life, how often did this happen to you during the past month? You are treated with less courtesy than other people are.",A few times a month,117622,24650,0.209569638,69144,19468,0.28155733
1332866,45884456,"In the past 7 days, other things kept making me think about COVID-19.",Quite a bit,117622,23149,0.19680842,69144,19101,0.276249566
1333303,45884456,"In the past 7 days, I thought about COVID-19 when I didn't mean to.",Quite a bit,117622,23032,0.195813708,69144,18573,0.268613329
1332848,45879460,Please select the response that best reflects your behavior in the past month. I believe I can grow in positive ways by dealing with difficult situations.,Neutral,117622,23230,0.197497067,69144,17787,0.257245748
1333303,45883172,"In the past 7 days, I thought about COVID-19 when I didn't mean to.",Not at all,117622,22072,0.18765197,69144,16468,0.238169617
1333024,1332784,Please select the response that best reflects your behavior in the past month. I look for creative ways to alter difficult situations.,Describes me very well,117622,22235,0.189037765,69144,16453,0.237952678
1333289,45878245,"Think about the time you spent walking in the last 7 days. During the last 7 days, did you walk for at least 10 minutes at a time?",No,117622,21255,0.18070599,69144,15933,0.230432142
1332739,1332784,"Please select the response that best reflects your behavior in the past month. Regardless of what happens to me, I believe I can control my reaction to it.",Describes me very well,117622,21353,0.181539168,69144,15780,0.228219368
1332866,45883172,"In the past 7 days, other things kept making me think about COVID-19.",Not at all,117622,19829,0.168582408,69144,15247,0.220510818
1333221,45876672,Choose the answer that is true for you in the past month. I am an outgoing person.,Rarely,117622,19821,0.168514394,69144,14312,0.206988314
1333011,1333137,"In the past month: Did you smoke tobacco/nicotine (including cigarettes, cigar, cigarillos, pipes, hookah) every day, some days, or not at all?","Not currently, but in the past",117622,19779,0.168157318,69144,13960,0.201897489
1333295,45884554,"In the past 7 days, I was aware that I still had a lot of feelings about COVID-19, but I didn't deal with them.",Moderately,117622,16146,0.137270239,69144,13826,0.199959505
1332749,1333079,"Choose the answer that best describes how you felt in the past month. In general, how happy are you?",Moderately unhappy,117622,16983,0.144386254,69144,13635,0.197197154
1332835,45876909,"Choose the answer that best describes how you felt in the past month. In uncertain times, I usually expect the best.",Disagree a little,117622,15917,0.135323324,69144,12857,0.185945274
1333292,45883172,"In the past 7 days, I felt watchful or on-guard.",Not at all,117622,15647,0.133027835,69144,12142,0.175604535
1332741,1332784,Please select the response that best reflects your behavior in the past month. I actively look for ways to replace the losses I encounter in life.,Describes me very well,117622,15644,0.133002329,69144,11951,0.172842184
1332750,45876949,Choose the answer that best describes how you felt in the past month. To what extent do you feel your life to be meaningful?,A little,117622,14348,0.121983983,69144,11261,0.162863011
1332833,45881671,What is your current marital status?,Never married,117622,17735,0.150779616,69144,10993,0.158987042
1332767,1333137,"In the past month: Did someone in your home smoke tobacco/nicotine (including cigarettes, cigar, cigarillos, pipes, hookah) every day, some days, or not at all?","Not currently, but in the past",117622,12000,0.102021731,69144,9805,0.141805507
1333296,45884456,"In the past 7 days, I tried not to think about COVID-19.",Quite a bit,117622,11484,0.097634796,69144,9782,0.141472868
1332750,1332850,Choose the answer that best describes how you felt in the past month. To what extent do you feel your life to be meaningful?,An extreme amount,117622,12127,0.103101461,69144,9682,0.140026611
1332741,1332777,Please select the response that best reflects your behavior in the past month. I actively look for ways to replace the losses I encounter in life.,Does not describe me,117622,10994,0.093468909,69144,9155,0.132404836
1332833,45883375,What is your current marital status?,Divorced,117622,14350,0.122000986,69144,8609,0.124508273
1333017,1333152,"In the past month, have you used any of the following drugs? Select all that apply.","Cannabis (also called marijuana, pot, weed, grass, hash, concentrates, etc) Please exclude your use of CBD or hemp products",123878,11770,0.095012835,69144,8045,0.116351383
1333121,45878994,"In the past 2 weeks, how often have you been bothered by the following problem? Becoming easily annoyed or irritable.",More than half the days,117622,9272,0.078828791,69144,8014,0.115903043
1332739,1332777,"Please select the response that best reflects your behavior in the past month. Regardless of what happens to me, I believe I can control my reaction to it.",Does not describe me,117622,8820,0.074985972,69144,7181,0.103855721
1333292,45879397,"In the past 7 days, I felt watchful or on-guard.",Extremely,117622,8503,0.072290898,69144,7072,0.102279301
1333120,45884455,Choose the answer that is true for you in the past month. I am unhappy being so withdrawn.,Often,117622,8747,0.07436534,69144,6892,0.099676038
1333017,1333159,"In the past month, have you used any of the following drugs? Select all that apply.","Prescription sedatives or prescription sleeping pills (for example, Valium, Ambien, Serepax, Ativan, Xanax, Libriu, etc)",123878,9192,0.074202037,69144,6487,0.093818697
1333298,1332783,"In your day-to-day life, how often did this happen to you during the past month? You are called names or insulted.",A few times a month,117622,7552,0.064205676,69144,6374,0.092184427
1333017,903096,"In the past month, have you used any of the following drugs? Select all that apply.",PMI: Skip,123878,7173,0.057903744,69144,6271,0.090694782
1333024,1332777,Please select the response that best reflects your behavior in the past month. I look for creative ways to alter difficult situations.,Does not describe me,117622,7274,0.061842172,69144,6212,0.08984149
1332767,45881677,"In the past month: Did someone in your home smoke tobacco/nicotine (including cigarettes, cigar, cigarillos, pipes, hookah) every day, some days, or not at all?",Every day,117622,8502,0.072282396,69144,6139,0.088785723
1333295,45884456,"In the past 7 days, I was aware that I still had a lot of feelings about COVID-19, but I didn't deal with them.",Quite a bit,117622,6669,0.056698577,69144,5847,0.084562652
1333328,1332782,"In your day-to-day life, how often did this happen to you during the past month? You are treated with less courtesy than other people are.",At least once a week,117622,6590,0.056026934,69144,5759,0.083289946
1332745,45877994,"Do you regularly take immunosuppressant medications (including steroids, methotrexate, biologic agents)?",Yes,117622,8781,0.074654401,69144,5646,0.081655675
1332866,45879397,"In the past 7 days, other things kept making me think about COVID-19.",Extremely,117622,6288,0.053459387,69144,5446,0.078763161
1333311,1332782,"In your day-to-day life, how often did this happen to you during the past month? You are treated with less respect than other people are.",At least once a week,117622,6016,0.051146894,69144,5260,0.076073123
1332835,45877172,"Choose the answer that best describes how you felt in the past month. In uncertain times, I usually expect the best.",Disagree a lot,117622,6621,0.05629049,69144,5259,0.07605866
1332833,45883710,What is your current marital status?,Living with partner,117622,7354,0.062522317,69144,4872,0.070461645
1333121,45882010,"In the past 2 weeks, how often have you been bothered by the following problem? Becoming easily annoyed or irritable.",Nearly every day,117622,5551,0.047193552,69144,4540,0.065660072
1333293,1332783,"In your day-to-day life, how often did this happen to you during the past month? You are threatened or harassed.",A few times a month,117622,4916,0.041794902,69144,4228,0.06114775
1333303,45879397,"In the past 7 days, I thought about COVID-19 when I didn't mean to.",Extremely,117622,4719,0.040120046,69144,4084,0.059065139
1333221,45876662,Choose the answer that is true for you in the past month. I am an outgoing person.,Never,117622,5248,0.044617504,69144,3945,0.057054842
1332833,45883711,What is your current marital status?,Widowed,117622,6471,0.055015218,69144,3760,0.054379266
1332744,45877994,Are you currently on chemotherapy or immunotherapy?,Yes,117622,5350,0.045484688,69144,3449,0.049881407
1332749,1333078,"Choose the answer that best describes how you felt in the past month. In general, how happy are you?",Very unhappy,117622,3920,0.033327099,69144,3371,0.048753326
1332848,1332777,Please select the response that best reflects your behavior in the past month. I believe I can grow in positive ways by dealing with difficult situations.,Does not describe me,117622,3922,0.033344102,69144,3326,0.048102511
1333024,1333125,Please select the response that best reflects your behavior in the past month. I look for creative ways to alter difficult situations.,Does not describe me at all,117622,3782,0.032153849,69144,3311,0.047885572
1333011,45881677,"In the past month: Did you smoke tobacco/nicotine (including cigarettes, cigar, cigarillos, pipes, hookah) every day, some days, or not at all?",Every day,117622,4653,0.039558926,69144,3172,0.045875275
1333017,1333169,"In the past month, have you used any of the following drugs? Select all that apply.","Prescription opioids (for example, fentanyl, oxycodone [OxyContin, Percocet], hydrocodone [Vicodin], methadone, buprenorphine, etc)",123878,4060,0.032774181,69144,2983,0.043141849
1332749,1333072,"Choose the answer that best describes how you felt in the past month. In general, how happy are you?",Extremely happy,117622,3572,0.030368468,69144,2921,0.04224517
1332750,45883172,Choose the answer that best describes how you felt in the past month. To what extent do you feel your life to be meaningful?,Not at all,117622,3346,0.028447059,69144,2653,0.038369201
1332767,45883381,"In the past month: Did someone in your home smoke tobacco/nicotine (including cigarettes, cigar, cigarillos, pipes, hookah) every day, some days, or not at all?",Some days,117622,2978,0.025318393,69144,2519,0.036431216
1333299,1333137,"In the past month: Did you use any type of electronic nicotine product? This includes e- cigarettes, vape pens, hookah pens, personal vaporizers and mods, e-cigars, e-pipes, and e-hookahs.","Not currently, but in the past",117622,3106,0.026406625,69144,2480,0.035867176
1333328,45883856,"In your day-to-day life, how often did this happen to you during the past month? You are treated with less courtesy than other people are.",Almost every day,117622,2723,0.023150431,69144,2289,0.033104825
1332741,1333125,Please select the response that best reflects your behavior in the past month. I actively look for ways to replace the losses I encounter in life.,Does not describe me at all,117622,2611,0.022198228,69144,2280,0.032974662
1333311,45883856,"In your day-to-day life, how often did this happen to you during the past month? You are treated with less respect than other people are.",Almost every day,117622,2687,0.022844366,69144,2231,0.032265996
1332750,45876636,Choose the answer that best describes how you felt in the past month. To what extent do you feel your life to be meaningful?,Don't know,117622,2384,0.020268317,69144,2181,0.031542867
1333296,45879397,"In the past 7 days, I tried not to think about COVID-19.",Extremely,117622,2437,0.020718913,69144,2176,0.031470554
1333017,1333155,"In the past month, have you used any of the following drugs? Select all that apply.","Prescription stimulants (for example, Ritalin, Concerta, Dexedrine, Adderall, Focalin, Didrex, etc)",123878,3076,0.024830882,69144,2110,0.030516025
1333011,45883381,"In the past month: Did you smoke tobacco/nicotine (including cigarettes, cigar, cigarillos, pipes, hookah) every day, some days, or not at all?",Some days,117622,2360,0.020064274,69144,1918,0.027739211
1333295,45879397,"In the past 7 days, I was aware that I still had a lot of feelings about COVID-19, but I didn't deal with them.",Extremely,117622,1857,0.015787863,69144,1660,0.024007868
1333298,1332782,"In your day-to-day life, how often did this happen to you during the past month? You are called names or insulted.",At least once a week,117622,1623,0.013798439,69144,1457,0.021071966
1332739,1333125,"Please select the response that best reflects your behavior in the past month. Regardless of what happens to me, I believe I can control my reaction to it.",Does not describe me at all,117622,1674,0.014232031,69144,1441,0.020840565
1332749,45876636,"Choose the answer that best describes how you felt in the past month. In general, how happy are you?",Don't know,117622,1558,0.013245821,69144,1425,0.020609163
1332749,1332837,"Choose the answer that best describes how you felt in the past month. In general, how happy are you?",Extremely unhappy,117622,1518,0.012905749,69144,1273,0.018410853
1333328,903096,"In your day-to-day life, how often did this happen to you during the past month? You are treated with less courtesy than other people are.",PMI: Skip,117622,1241,0.010550747,69144,1178,0.017036908
1333017,45878142,"In the past month, have you used any of the following drugs? Select all that apply.",Other,123878,1265,0.01021166,69144,1128,0.01631378
1333311,903096,"In your day-to-day life, how often did this happen to you during the past month? You are treated with less respect than other people are.",PMI: Skip,117622,1172,0.009964122,69144,1120,0.016198079
1332833,45884459,What is your current marital status?,Separated,117622,1588,0.013500876,69144,1105,0.015981141
1333120,903096,Choose the answer that is true for you in the past month. I am unhappy being so withdrawn.,PMI: Skip,117622,1128,0.009590043,69144,1075,0.015547264
1333298,903096,"In your day-to-day life, how often did this happen to you during the past month? You are called names or insulted.",PMI: Skip,117622,1098,0.009334988,69144,1052,0.015214625
1333299,45881677,"In the past month: Did you use any type of electronic nicotine product? This includes e- cigarettes, vape pens, hookah pens, personal vaporizers and mods, e-cigars, e-pipes, and e-hookahs.",Every day,117622,1457,0.012387138,69144,1045,0.015113387
1333293,903096,"In your day-to-day life, how often did this happen to you during the past month? You are threatened or harassed.",PMI: Skip,117622,1086,0.009232967,69144,1038,0.015012149
1332741,903096,Please select the response that best reflects your behavior in the past month. I actively look for ways to replace the losses I encounter in life.,PMI: Skip,117622,1027,0.00873136,69144,975,0.014101007
1333024,903096,Please select the response that best reflects your behavior in the past month. I look for creative ways to alter difficult situations.,PMI: Skip,117622,995,0.008459302,69144,961,0.013898531
1333299,903096,"In the past month: Did you use any type of electronic nicotine product? This includes e- cigarettes, vape pens, hookah pens, personal vaporizers and mods, e-cigars, e-pipes, and e-hookahs.",PMI: Skip,117622,959,0.008153237,69144,937,0.013551429
1332848,903096,Please select the response that best reflects your behavior in the past month. I believe I can grow in positive ways by dealing with difficult situations.,PMI: Skip,117622,946,0.008042713,69144,918,0.01327664
1332767,903096,"In the past month: Did someone in your home smoke tobacco/nicotine (including cigarettes, cigar, cigarillos, pipes, hookah) every day, some days, or not at all?",PMI: Skip,117622,928,0.007889681,69144,906,0.013103089
1333293,1332782,"In your day-to-day life, how often did this happen to you during the past month? You are threatened or harassed.",At least once a week,117622,974,0.008280764,69144,898,0.012987389
1332866,903096,"In the past 7 days, other things kept making me think about COVID-19.",PMI: Skip,117622,910,0.007736648,69144,897,0.012972926
1332835,903096,"Choose the answer that best describes how you felt in the past month. In uncertain times, I usually expect the best.",PMI: Skip,117622,909,0.007728146,69144,883,0.01277045
1332848,1333125,Please select the response that best reflects your behavior in the past month. I believe I can grow in positive ways by dealing with difficult situations.,Does not describe me at all,117622,1006,0.008552822,69144,879,0.0127126
1332739,903096,"Please select the response that best reflects your behavior in the past month. Regardless of what happens to me, I believe I can control my reaction to it.",PMI: Skip,117622,885,0.007524103,69144,866,0.012524586
1333295,903096,"In the past 7 days, I was aware that I still had a lot of feelings about COVID-19, but I didn't deal with them.",PMI: Skip,117622,886,0.007532604,69144,860,0.012437811
1333011,903096,"In the past month: Did you smoke tobacco/nicotine (including cigarettes, cigar, cigarillos, pipes, hookah) every day, some days, or not at all?",PMI: Skip,117622,878,0.00746459,69144,847,0.012249798
1333296,903096,"In the past 7 days, I tried not to think about COVID-19.",PMI: Skip,117622,867,0.00737107,69144,843,0.012191947
1333299,45883381,"In the past month: Did you use any type of electronic nicotine product? This includes e- cigarettes, vape pens, hookah pens, personal vaporizers and mods, e-cigars, e-pipes, and e-hookahs.",Some days,117622,953,0.008102226,69144,842,0.012177485
1333121,903096,"In the past 2 weeks, how often have you been bothered by the following problem? Becoming easily annoyed or irritable.",PMI: Skip,117622,840,0.007141521,69144,820,0.011859308
1333221,903096,Choose the answer that is true for you in the past month. I am an outgoing person.,PMI: Skip,117622,839,0.007133019,69144,812,0.011743608
1333298,45883856,"In your day-to-day life, how often did this happen to you during the past month? You are called names or insulted.",Almost every day,117622,830,0.007056503,69144,709,0.010253963
1332745,903096,"Do you regularly take immunosuppressant medications (including steroids, methotrexate, biologic agents)?",PMI: Skip,117622,718,0.0061043,69144,704,0.01018165
1332750,903096,Choose the answer that best describes how you felt in the past month. To what extent do you feel your life to be meaningful?,PMI: Skip,117622,701,0.005959769,69144,689,0.009964711
1333289,903096,"Think about the time you spent walking in the last 7 days. During the last 7 days, did you walk for at least 10 minutes at a time?",PMI: Skip,117622,697,0.005925762,69144,680,0.009834548
1332749,903096,"Choose the answer that best describes how you felt in the past month. In general, how happy are you?",PMI: Skip,117622,672,0.005713217,69144,665,0.00961761
1332833,1177221,What is your current marital status?,I prefer not to answer,117622,775,0.006588903,69144,640,0.009256045
1333292,903096,"In the past 7 days, I felt watchful or on-guard.",PMI: Skip,117622,623,0.005296628,69144,611,0.008836631
1333303,903096,"In the past 7 days, I thought about COVID-19 when I didn't mean to.",PMI: Skip,117622,614,0.005220112,69144,605,0.008749855
1332750,1177221,Choose the answer that best describes how you felt in the past month. To what extent do you feel your life to be meaningful?,I prefer not to answer,117622,599,0.005092585,69144,566,0.008185815
1332744,903096,Are you currently on chemotherapy or immunotherapy?,PMI: Skip,117622,542,0.004607982,69144,534,0.007723013
1332833,903096,What is your current marital status?,PMI: Skip,117622,477,0.004055364,69144,465,0.006725095
1333293,45883856,"In your day-to-day life, how often did this happen to you during the past month? You are threatened or harassed.",Almost every day,117622,506,0.004301916,69144,432,0.006247831
1332749,1177221,"Choose the answer that best describes how you felt in the past month. In general, how happy are you?",I prefer not to answer,117622,441,0.003749299,69144,422,0.006103205
1333017,1333161,"In the past month, have you used any of the following drugs? Select all that apply.","Hallucinogens (for example, LSD, acid, Molly, mushrooms, PCP, Special K, ecstasy, Peyote, DMT, Foxy, etc)",123878,457,0.003689113,69144,384,0.005553627
1333017,1333154,"In the past month, have you used any of the following drugs? Select all that apply.","Cocaine (also called coke, crack, free base, coca paste, etc)",123878,339,0.002736563,69144,275,0.003977207
1333017,1333103,"In the past month, have you used any of the following drugs? Select all that apply.","Methamphetamine (also called meth, crank, ice, crystal meth, glass, etc)",123878,272,0.002195709,69144,201,0.002906977
1333017,1333158,"In the past month, have you used any of the following drugs? Select all that apply.","Inhalants (for example, nitrous oxide, glue, gas, paint thinner, etc)",123878,141,0.001138217,69144,116,0.001677658
1333017,1333153,"In the past month, have you used any of the following drugs? Select all that apply.",Synthetic marijuana or fake weed (also called K2 or Spice),123878,37,2.99E-04,69144,35,5.06E-04
1333017,1333157,"In the past month, have you used any of the following drugs? Select all that apply.","Synthetic stimulants (also called bath salts, flakka, etc)",123878,38,3.07E-04,69144,33,4.77E-04
1333017,45876772,"In the past month, have you used any of the following drugs? Select all that apply.",Heroin,123878,29,2.34E-04,69144,27,3.90E-04
903630,NA,How much time did you usually spend walking on one of those days (minutes per day)?,NA,95682,74126,0.774712067,59053,49162,0.832506393
903630,903096,How much time did you usually spend walking on one of those days (minutes per day)?,PMI: Skip,95682,21556,0.225287933,59053,19353,0.327722554
1310142,702690,Do you plan to get the flu vaccine this season?,"No, I received it more than a month ago",84116,51423,0.611334348,57514,37331,0.649076747
1310142,45877994,Do you plan to get the flu vaccine this season?,Yes,84116,15077,0.179240573,57514,13079,0.227405501
1310142,45878245,Do you plan to get the flu vaccine this season?,No,84116,12498,0.148580532,57514,8236,0.143199917
1310142,45876636,Do you plan to get the flu vaccine this season?,Don't know,84116,4806,0.057135384,57514,3846,0.066870675
1310142,903096,Do you plan to get the flu vaccine this season?,PMI: Skip,84116,312,0.003709164,57514,309,0.005372605
903641,NA,How much time did you usually spend sitting on one of those days (hours per day)?,NA,92405,88458,0.957285861,57285,55115,0.962119228
903641,903096,How much time did you usually spend sitting on one of those days (hours per day)?,PMI: Skip,92405,3943,0.042670851,57285,3738,0.065252684
903629,NA,How much time did you usually spend doing moderate physical activities on one of those those days (minutes per day)?,NA,71891,53373,0.742415601,46862,37716,0.804831207
903629,903096,How much time did you usually spend doing moderate physical activities on one of those those days (minutes per day)?,PMI: Skip,71891,18518,0.257584399,46862,16900,0.360633349
903635,NA,How much time did you usually spend walking on one of those days (hours per day)?,NA,35483,22447,0.6326128,35483,22447,0.6326128
903635,903096,How much time did you usually spend walking on one of those days (hours per day)?,PMI: Skip,35483,13036,0.3673872,35483,13036,0.3673872
903631,NA,How much time did you usually spend doing vigorous physical activities on one of those days (minutes per day)?,NA,50463,36082,0.715018925,34440,26470,0.768583043
903631,903096,How much time did you usually spend doing vigorous physical activities on one of those days (minutes per day)?,PMI: Skip,50463,14381,0.284981075,34440,13273,0.38539489
1310052,45883772,"Thinking about your current social habits, in the last 5 days: I have gone to my workplace or volunteer site that is outside my home. How often did you wear a face mask or face covering?",All of the time,48283,26708,0.553155355,31451,19194,0.610282662
1310052,903096,"Thinking about your current social habits, in the last 5 days: I have gone to my workplace or volunteer site that is outside my home. How often did you wear a face mask or face covering?",PMI: Skip,48283,12017,0.248886772,31451,9804,0.311722998
1310052,45879199,"Thinking about your current social habits, in the last 5 days: I have gone to my workplace or volunteer site that is outside my home. How often did you wear a face mask or face covering?",Most of the time,48283,6500,0.134622952,31451,5359,0.170392038
1310052,45879198,"Thinking about your current social habits, in the last 5 days: I have gone to my workplace or volunteer site that is outside my home. How often did you wear a face mask or face covering?",Some of the time,48283,2362,0.04891991,31451,1930,0.061365298
1310052,45876662,"Thinking about your current social habits, in the last 5 days: I have gone to my workplace or volunteer site that is outside my home. How often did you wear a face mask or face covering?",Never,48283,489,0.010127788,31451,402,0.012781788
1310052,903072,"Thinking about your current social habits, in the last 5 days: I have gone to my workplace or volunteer site that is outside my home. How often did you wear a face mask or face covering?",PMI: Does Not Apply To Me,48283,207,0.004287223,31451,191,0.006072939
903642,903096,How much time did you usually spend sitting on one of those days (minutes per day)?,PMI: Skip,30858,22098,0.716118997,30858,22098,0.716118997
903642,NA,How much time did you usually spend sitting on one of those days (minutes per day)?,NA,30858,8760,0.283881003,30858,8760,0.283881003
1310051,903096,"Thinking about your current social habits, in the last 5 days: I have attended social gatherings outside my home of LESS than 10 people. How often did you wear a face mask or face covering?",PMI: Skip,41068,12244,0.298139671,30426,10296,0.338394794
1310051,45883772,"Thinking about your current social habits, in the last 5 days: I have attended social gatherings outside my home of LESS than 10 people. How often did you wear a face mask or face covering?",All of the time,41068,11699,0.284868998,30426,10243,0.336652863
1310051,45879199,"Thinking about your current social habits, in the last 5 days: I have attended social gatherings outside my home of LESS than 10 people. How often did you wear a face mask or face covering?",Most of the time,41068,6996,0.170351612,30426,6342,0.20844015
1310051,45879198,"Thinking about your current social habits, in the last 5 days: I have attended social gatherings outside my home of LESS than 10 people. How often did you wear a face mask or face covering?",Some of the time,41068,5352,0.130320444,30426,4783,0.157201078
1310051,45876662,"Thinking about your current social habits, in the last 5 days: I have attended social gatherings outside my home of LESS than 10 people. How often did you wear a face mask or face covering?",Never,41068,4359,0.106141034,30426,3728,0.122526786
1310051,903072,"Thinking about your current social habits, in the last 5 days: I have attended social gatherings outside my home of LESS than 10 people. How often did you wear a face mask or face covering?",PMI: Does Not Apply To Me,41068,418,0.010178241,30426,401,0.013179518
1332769,1332766,Who do you know who has died? Check all that apply.,Friend,56745,22004,0.387769848,29890,14814,0.495617263
1332769,45878142,Who do you know who has died? Check all that apply.,Other,56745,20383,0.359203454,29890,14179,0.4743727
1332769,1332778,Who do you know who has died? Check all that apply.,Neighbor,56745,4779,0.084218874,29890,3554,0.118902643
1332769,1333302,Who do you know who has died? Check all that apply.,Co-worker,56745,4540,0.080007049,29890,3244,0.108531281
1332769,903096,Who do you know who has died? Check all that apply.,PMI: Skip,56745,1364,0.02403736,29890,1232,0.041217799
1332769,1332759,Who do you know who has died? Check all that apply.,Parent,56745,1066,0.018785796,29890,722,0.024155236
1332769,1332760,Who do you know who has died? Check all that apply.,Grandparent,56745,947,0.016688695,29890,695,0.023251924
1332769,1332765,Who do you know who has died? Check all that apply.,Sibling (brother or sister),56745,734,0.01293506,29890,525,0.017564403
1332769,1177221,Who do you know who has died? Check all that apply.,I prefer not to answer,56745,388,0.006837607,29890,364,0.012177986
1332769,1332758,Who do you know who has died? Check all that apply.,"Spouse, partner, boyfriend, girlfriend",56745,437,0.007701119,29890,359,0.012010706
1332769,1332764,Who do you know who has died? Check all that apply.,Child,56745,103,0.001815138,29890,90,0.00301104
1310056,45883772,"Thinking about your current social habits, in the last 5 days: I have gone on shopping trips or outings that were ""just for fun."" How often did you wear a face mask or face covering?",All of the time,36783,21027,0.571649947,27380,16860,0.61577794
1310056,903096,"Thinking about your current social habits, in the last 5 days: I have gone on shopping trips or outings that were ""just for fun."" How often did you wear a face mask or face covering?",PMI: Skip,36783,10278,0.279422559,27380,8715,0.318298028
1310056,45879199,"Thinking about your current social habits, in the last 5 days: I have gone on shopping trips or outings that were ""just for fun."" How often did you wear a face mask or face covering?",Most of the time,36783,3386,0.092053394,27380,3080,0.112490869
1310056,45879198,"Thinking about your current social habits, in the last 5 days: I have gone on shopping trips or outings that were ""just for fun."" How often did you wear a face mask or face covering?",Some of the time,36783,1620,0.044042085,27380,1396,0.050986121
1310056,45876662,"Thinking about your current social habits, in the last 5 days: I have gone on shopping trips or outings that were ""just for fun."" How often did you wear a face mask or face covering?",Never,36783,385,0.010466792,27380,318,0.011614317
1310056,903072,"Thinking about your current social habits, in the last 5 days: I have gone on shopping trips or outings that were ""just for fun."" How often did you wear a face mask or face covering?",PMI: Does Not Apply To Me,36783,87,0.002365223,27380,86,0.003140979
903634,NA,How much time did you usually spend doing moderate physical activities on one of those days (hours per day)?,NA,26649,15526,0.58261098,26649,15526,0.58261098
903634,903096,How much time did you usually spend doing moderate physical activities on one of those days (hours per day)?,PMI: Skip,26649,11123,0.41738902,26649,11123,0.41738902
903633,NA,How much time did you usually spend doing vigorous physical activities on one of those days (hours per day)?,NA,19725,10303,0.522332066,19725,10303,0.522332066
903633,903096,How much time did you usually spend doing vigorous physical activities on one of those days (hours per day)?,PMI: Skip,19725,9422,0.477667934,19725,9422,0.477667934
713888,1310107,When did your COVID-19 symptoms begin?,January or February 2020,24948,8992,0.360429694,16701,6155,0.368540806
713888,1310109,When did your COVID-19 symptoms begin?,March or April 2020,24948,5704,0.228635562,16701,3774,0.225974493
713888,836874,When did your COVID-19 symptoms begin?,November or December 2020,24948,3615,0.144901395,16701,2989,0.178971319
713888,1310118,When did your COVID-19 symptoms begin?,September or October 2020,24948,2487,0.09968735,16701,1873,0.112148973
713888,1310108,When did your COVID-19 symptoms begin?,July or August 2020,24948,1301,0.052148469,16701,956,0.057242081
713888,713887,When did your COVID-19 symptoms begin?,"Yes, but not at home",24948,884,0.035433702,16701,884,0.052930962
713888,903096,When did your COVID-19 symptoms begin?,PMI: Skip,24948,947,0.037958955,16701,847,0.050715526
713888,1310110,When did your COVID-19 symptoms begin?,May or June 2020,24948,1018,0.040804874,16701,763,0.045685887
1310136,1310129,"In the past month, did you have a child(ren) enrolled in childcare centers, schools, or colleges that are learning remotely because of COVID-19?","Yes, at home full time",26018,12393,0.476324083,16011,8498,0.530760102
1310136,1310130,"In the past month, did you have a child(ren) enrolled in childcare centers, schools, or colleges that are learning remotely because of COVID-19?","Yes, at home part of the time",26018,6068,0.233223153,16011,4550,0.284179627
1310136,1310114,"In the past month, did you have a child(ren) enrolled in childcare centers, schools, or colleges that are learning remotely because of COVID-19?","No, at care, school or college full time",26018,4856,0.186640018,16011,3568,0.222846793
1310136,713887,"In the past month, did you have a child(ren) enrolled in childcare centers, schools, or colleges that are learning remotely because of COVID-19?","Yes, but not at home",26018,2623,0.100814821,16011,2006,0.125288864
1310136,903096,"In the past month, did you have a child(ren) enrolled in childcare centers, schools, or colleges that are learning remotely because of COVID-19?",PMI: Skip,26018,78,0.002997925,16011,77,0.004809194
1332849,9448,How long has it been since you last smoked?,year,19779,17925,0.90626422,13960,12627,0.904512894
1332849,9580,How long has it been since you last smoked?,month,19779,1350,0.068254209,13960,1101,0.078868195
1332849,8511,How long has it been since you last smoked?,week,19779,410,0.020729056,13960,389,0.02786533
1332849,903096,How long has it been since you last smoked?,PMI: Skip,19779,94,0.004752515,13960,93,0.006661891
715721,NA,Enter the number of years,NA,18036,16400,0.909292526,12712,11692,0.919760856
715721,903096,Enter the number of years,PMI: Skip,18036,1636,0.090707474,12712,1463,0.115088106
1310138,1310112,"Compared with when they were in person at school or a childcare center, how much time are you spending on care and supervision of your children?",Much more,18425,7529,0.408629579,12021,5474,0.45536977
1310139,1310112,"Compared with when they were in in person school or a childcare center, how much time are you spending on helping your children with learning activities provided by their schools or childcare center?",Much more,18425,6475,0.351424695,12021,4718,0.392479827
1310139,45879534,"Compared with when they were in in person school or a childcare center, how much time are you spending on helping your children with learning activities provided by their schools or childcare center?",About the same,18425,6478,0.351587517,12021,4702,0.391148823
1310138,45879534,"Compared with when they were in person at school or a childcare center, how much time are you spending on care and supervision of your children?",About the same,18425,5501,0.298561737,12021,4137,0.344147741
1310139,1310073,"Compared with when they were in in person school or a childcare center, how much time are you spending on helping your children with learning activities provided by their schools or childcare center?",A little more,18425,3964,0.215142469,12021,3134,0.260710423
1310138,1310073,"Compared with when they were in person at school or a childcare center, how much time are you spending on care and supervision of your children?",A little more,18425,3987,0.216390773,12021,3116,0.259213044
1310138,1310111,"Compared with when they were in person at school or a childcare center, how much time are you spending on care and supervision of your children?",Much less,18425,832,0.045156038,12021,745,0.061974877
1310139,1310111,"Compared with when they were in in person school or a childcare center, how much time are you spending on helping your children with learning activities provided by their schools or childcare center?",Much less,18425,790,0.042876526,12021,698,0.058065053
1310139,1310072,"Compared with when they were in in person school or a childcare center, how much time are you spending on helping your children with learning activities provided by their schools or childcare center?",A little less,18425,388,0.021058345,12021,364,0.030280343
1310138,1310072,"Compared with when they were in person at school or a childcare center, how much time are you spending on care and supervision of your children?",A little less,18425,348,0.018887381,12021,333,0.027701522
1310139,903096,"Compared with when they were in in person school or a childcare center, how much time are you spending on helping your children with learning activities provided by their schools or childcare center?",PMI: Skip,18425,330,0.017910448,12021,309,0.025705016
1310138,903096,"Compared with when they were in person at school or a childcare center, how much time are you spending on care and supervision of your children?",PMI: Skip,18425,228,0.012374491,12021,215,0.017885367
1310060,45883772,"Thinking about your current social habits, in the last 5 days: I have attended social gatherings outside my home of MORE than 10 but LESS than 50 people. How often did you wear a face mask or face covering?",All of the time,11687,4253,0.363908616,9569,3776,0.394607587
1310060,903096,"Thinking about your current social habits, in the last 5 days: I have attended social gatherings outside my home of MORE than 10 but LESS than 50 people. How often did you wear a face mask or face covering?",PMI: Skip,11687,3824,0.327201164,9569,3388,0.354059985
1310060,45879199,"Thinking about your current social habits, in the last 5 days: I have attended social gatherings outside my home of MORE than 10 but LESS than 50 people. How often did you wear a face mask or face covering?",Most of the time,11687,1470,0.125780782,9569,1371,0.143275159
1310060,45879198,"Thinking about your current social habits, in the last 5 days: I have attended social gatherings outside my home of MORE than 10 but LESS than 50 people. How often did you wear a face mask or face covering?",Some of the time,11687,1235,0.10567297,9569,1130,0.118089665
1310060,45876662,"Thinking about your current social habits, in the last 5 days: I have attended social gatherings outside my home of MORE than 10 but LESS than 50 people. How often did you wear a face mask or face covering?",Never,11687,887,0.075896295,9569,769,0.080363674
1333235,1333026,Which of the following symptoms did you have? (select all that apply).,Unusual fatigue,59282,6574,0.110893695,9120,5744,0.629824561
1333235,45883730,Which of the following symptoms did you have? (select all that apply).,Headache,59282,5377,0.090702068,9120,4730,0.518640351
1333235,1332779,Which of the following symptoms did you have? (select all that apply).,Runny or stuffy nose,59282,5224,0.088121183,9120,4630,0.507675439
1333235,1332836,Which of the following symptoms did you have? (select all that apply).,Sore or painful throat,59282,4382,0.073917884,9120,3891,0.426644737
1333235,1332834,Which of the following symptoms did you have? (select all that apply).,A fever/feverish,59282,4233,0.071404474,9120,3796,0.41622807
1333235,1332774,Which of the following symptoms did you have? (select all that apply).,Cough,59282,4160,0.070173071,9120,3722,0.408114035
1333235,1333131,Which of the following symptoms did you have? (select all that apply).,Unusually strong muscle pains/aches,59282,3957,0.06674876,9120,3508,0.384649123
1333235,1310075,Which of the following symptoms did you have? (select all that apply).,Chills or shivers (feeling too cold),59282,2840,0.047906616,9120,2617,0.286951754
1333235,1332726,Which of the following symptoms did you have? (select all that apply).,Skipping meals,59282,2785,0.046978847,9120,2513,0.275548246
1333235,45884747,Which of the following symptoms did you have? (select all that apply).,Diarrhea,59282,2645,0.044617253,9120,2390,0.262061404
1333235,1333230,Which of the following symptoms did you have? (select all that apply).,Difficulty breathing or shortness of breath,59282,2668,0.045005229,9120,2377,0.260635965
1333235,1333255,Which of the following symptoms did you have? (select all that apply).,Dizziness or light-headedness,59282,2496,0.042103843,9120,2238,0.245394737
1333235,1332786,Which of the following symptoms did you have? (select all that apply).,Loss of smell or taste,59282,2036,0.03434432,9120,1882,0.206359649
1333235,45882288,Which of the following symptoms did you have? (select all that apply).,Nausea,59282,2074,0.034985324,9120,1874,0.205482456
1333235,1333129,Which of the following symptoms did you have? (select all that apply).,Unusual chest pain or tightness in your chest,59282,1934,0.032623731,9120,1755,0.192434211
1333235,1333010,Which of the following symptoms did you have? (select all that apply).,Unusually hoarse voice,59282,1438,0.024256941,9120,1324,0.145175439
1333235,1333228,Which of the following symptoms did you have? (select all that apply).,Unusual abdominal pain or stomach ache,59282,1450,0.024459364,9120,1319,0.144627193
1333235,1333128,Which of the following symptoms did you have? (select all that apply).,"Unusual eye soreness or discomfort (eg, light sensitivity or excessive tears)",59282,1445,0.024375021,9120,1297,0.142214912
1333235,1333171,Which of the following symptoms did you have? (select all that apply).,"Confusion, disorientation, or drowsiness",59282,994,0.016767316,9120,916,0.100438596
1333235,1333172,Which of the following symptoms did you have? (select all that apply).,"Raised, red, itchy, welts on the skin or sudden swelling of the face or lips",59282,335,0.005650956,9120,316,0.034649123
1333235,903096,Which of the following symptoms did you have? (select all that apply).,PMI: Skip,59282,99,0.001669984,9120,99,0.010855263
1333235,1333173,Which of the following symptoms did you have? (select all that apply).,"Red/purple sores or blisters on your feet, including your toes",59282,86,0.001450693,9120,78,0.008552632
1333235,1333170,Which of the following symptoms did you have? (select all that apply).,"None of the above (if selected, no other response options are available",59282,50,8.43E-04,9120,50,0.005482456
1332800,45877994,Did your use include smoking cannabis?,Yes,11770,7708,0.654885302,8045,5408,0.672218769
1332801,1332791,Do you think you have used more or less cannabis in the past month than you used to?,The same as usual,11770,5363,0.455649958,8045,4035,0.50155376
1332801,1332799,Do you think you have used more or less cannabis in the past month than you used to?,More often than usual,11770,4337,0.368479184,8045,3439,0.427470479
1332800,45878245,Did your use include smoking cannabis?,No,11770,4024,0.341886151,8045,2910,0.361715351
1333013,1332727,How often did you use cannabis?,Only a few times,11770,3181,0.270263381,8045,2725,0.338719702
1333013,45876837,How often did you use cannabis?,Daily,11770,3714,0.315548003,8045,2501,0.310876321
1333013,1333307,How often did you use cannabis?,1-5 times per week,11770,2767,0.23508921,8045,2087,0.259415786
1332801,1332798,Do you think you have used more or less cannabis in the past month than you used to?,Less often than usual,11770,2011,0.170858114,8045,1784,0.221752641
1333013,45882429,How often did you use cannabis?,1-3 times per month,11770,2062,0.175191164,8045,1715,0.213175886
1332801,903096,Do you think you have used more or less cannabis in the past month than you used to?,PMI: Skip,11770,59,0.005012744,8045,59,0.007333748
1333013,903096,How often did you use cannabis?,PMI: Skip,11770,46,0.003908241,8045,45,0.005593536
1332800,903096,Did your use include smoking cannabis?,PMI: Skip,11770,38,0.003228547,8045,38,0.004723431
1332824,45878245,Did you use prescription sedatives or prescription sleeping pills in any way a doctor did not direct you to use it?,No,9192,8649,0.940926893,6487,6170,0.951133035
1332826,1332791,Do you think you have used more or less prescription sedatives or prescription sleeping pills in the past month than you used to?,The same as usual,9192,5986,0.651218451,6487,4473,0.689532912
1332752,45876837,How often did you use prescription sedatives or prescription sleeping pills?,Daily,9192,4039,0.439403829,6487,2860,0.440881764
1332826,1332799,Do you think you have used more or less prescription sedatives or prescription sleeping pills in the past month than you used to?,More often than usual,9192,2130,0.231723238,6487,1733,0.267149684
1332752,1332727,How often did you use prescription sedatives or prescription sleeping pills?,Only a few times,9192,1891,0.205722367,6487,1626,0.250655156
1332752,1333307,How often did you use prescription sedatives or prescription sleeping pills?,1-5 times per week,9192,1799,0.195713664,6487,1458,0.224757207
1332752,45882429,How often did you use prescription sedatives or prescription sleeping pills?,1-3 times per month,9192,1385,0.1506745,6487,1176,0.181285648
1332826,1332798,Do you think you have used more or less prescription sedatives or prescription sleeping pills in the past month than you used to?,Less often than usual,9192,1011,0.109986945,6487,914,0.140897179
1332824,45877994,Did you use prescription sedatives or prescription sleeping pills in any way a doctor did not direct you to use it?,Yes,9192,510,0.055483029,6487,455,0.070140281
1332752,903096,How often did you use prescription sedatives or prescription sleeping pills?,PMI: Skip,9192,78,0.00848564,6487,78,0.012024048
1332826,903096,Do you think you have used more or less prescription sedatives or prescription sleeping pills in the past month than you used to?,PMI: Skip,9192,65,0.007071366,6487,63,0.009711731
1332824,903096,Did you use prescription sedatives or prescription sleeping pills in any way a doctor did not direct you to use it?,PMI: Skip,9192,33,0.003590078,6487,33,0.005087097
1310067,1310117,"Thinking about your current social habits, in the last 5 days: I have attended social gatherings of MORE than 50 people. What was the purpose of the large gathering?",Religious/spiritual gathering,5572,2743,0.492282843,4106,2125,0.517535314
1310062,45883772,"Thinking about your current social habits, in the last 5 days: I have attended social gatherings of MORE than 50 people. How often did you wear a face mask or face covering?",All of the time,4970,2331,0.469014085,4106,2058,0.50121773
1310067,45878142,"Thinking about your current social habits, in the last 5 days: I have attended social gatherings of MORE than 50 people. What was the purpose of the large gathering?",Other,5572,1152,0.206748026,4106,1076,0.262055528
1310062,903096,"Thinking about your current social habits, in the last 5 days: I have attended social gatherings of MORE than 50 people. How often did you wear a face mask or face covering?",PMI: Skip,4970,1142,0.229778672,4106,1017,0.247686313
1310067,1310045,"Thinking about your current social habits, in the last 5 days: I have attended social gatherings of MORE than 50 people. What was the purpose of the large gathering?","Community events (concerts, sporting events, etc.)",5572,848,0.152189519,4106,802,0.195323916
1310062,45879199,"Thinking about your current social habits, in the last 5 days: I have attended social gatherings of MORE than 50 people. How often did you wear a face mask or face covering?",Most of the time,4970,656,0.131991952,4106,607,0.14783244
1310067,1310046,"Thinking about your current social habits, in the last 5 days: I have attended social gatherings of MORE than 50 people. What was the purpose of the large gathering?","Family gathering (wedding, graduation, funeral, etc.)",5572,573,0.102835607,4106,550,0.133950317
1310062,45879198,"Thinking about your current social habits, in the last 5 days: I have attended social gatherings of MORE than 50 people. How often did you wear a face mask or face covering?",Some of the time,4970,467,0.093963783,4106,426,0.103750609
1310062,45876662,"Thinking about your current social habits, in the last 5 days: I have attended social gatherings of MORE than 50 people. How often did you wear a face mask or face covering?",Never,4970,361,0.072635815,4106,302,0.073550901
1310067,903096,"Thinking about your current social habits, in the last 5 days: I have attended social gatherings of MORE than 50 people. What was the purpose of the large gathering?",PMI: Skip,5572,130,0.02333094,4106,130,0.031660984
1310067,1310116,"Thinking about your current social habits, in the last 5 days: I have attended social gatherings of MORE than 50 people. What was the purpose of the large gathering?",Political rally/protest,5572,126,0.022613065,4106,122,0.029712616
1332832,45878245,Did your use include smoking prescription opioids?,No,4060,4033,0.993349754,2983,2966,0.994301039
1333018,45878245,Did you use prescription opioids in any way a doctor did not direct you to use it?,No,4060,3670,0.903940887,2983,2745,0.920214549
1333019,1332791,Do you think you have used more or less prescription opioids in the past month than you used to?,The same as usual,4060,2401,0.59137931,2983,1777,0.595709018
1332795,45876837,How often did you use prescription opioids?,Daily,4060,1873,0.461330049,2983,1315,0.440831378
1332795,1332727,How often did you use prescription opioids?,Only a few times,4060,1068,0.263054187,2983,971,0.32551123
1333019,1332798,Do you think you have used more or less prescription opioids in the past month than you used to?,Less often than usual,4060,857,0.211083744,2983,760,0.25477707
1333019,1332799,Do you think you have used more or less prescription opioids in the past month than you used to?,More often than usual,4060,757,0.186453202,2983,687,0.230305062
1332795,1333307,How often did you use prescription opioids?,1-5 times per week,4060,591,0.145566502,2983,479,0.160576601
1332795,45882429,How often did you use prescription opioids?,1-3 times per month,4060,503,0.123891626,2983,434,0.145491116
1333018,45877994,Did you use prescription opioids in any way a doctor did not direct you to use it?,Yes,4060,374,0.092118227,2983,328,0.10995642
1333019,903096,Do you think you have used more or less prescription opioids in the past month than you used to?,PMI: Skip,4060,45,0.011083744,2983,45,0.015085484
1332795,903096,How often did you use prescription opioids?,PMI: Skip,4060,25,0.006157635,2983,25,0.008380825
1332756,9448,How long has it been since you last used an electronic nicotine product?,year,3105,1925,0.619967794,2479,1583,0.638563937
1332756,9580,How long has it been since you last used an electronic nicotine product?,month,3105,918,0.295652174,2479,776,0.313029447
1332756,8511,How long has it been since you last used an electronic nicotine product?,week,3105,170,0.054750403,2479,163,0.065752319
1332756,903096,How long has it been since you last used an electronic nicotine product?,PMI: Skip,3105,92,0.02962963,2479,90,0.036304962
1332806,45878245,Did you use prescription stimulants in any way a doctor did not direct you to use it?,No,3076,2756,0.895968791,2110,1914,0.907109005
1332807,1332791,Do you think you have used more or less prescription stimulants in the past month than you used to?,The same as usual,3076,2319,0.75390117,2110,1622,0.768720379
1332755,45876837,How often did you use prescription stimulants?,Daily,3076,2250,0.731469441,2110,1539,0.729383886
1332807,1332798,Do you think you have used more or less prescription stimulants in the past month than you used to?,Less often than usual,3076,475,0.154421326,2110,411,0.19478673
1332755,1333307,How often did you use prescription stimulants?,1-5 times per week,3076,457,0.148569571,2110,368,0.174407583
1332806,45877994,Did you use prescription stimulants in any way a doctor did not direct you to use it?,Yes,3076,312,0.101430429,2110,267,0.126540284
1332807,1332799,Do you think you have used more or less prescription stimulants in the past month than you used to?,More often than usual,3076,271,0.08810143,2110,243,0.115165877
1332755,1332727,How often did you use prescription stimulants?,Only a few times,3076,206,0.066970091,2110,187,0.088625592
1332755,45882429,How often did you use prescription stimulants?,1-3 times per month,3076,146,0.047464239,2110,123,0.058293839
1310053,45883772,"Thinking about your current social habits, in the last 5 days: I have visited nursing homes or long-term care facilities (outside of work duties). How often did you wear a face mask or face covering?",All of the time,2057,1268,0.616431697,1732,1082,0.624711316
1310053,903096,"Thinking about your current social habits, in the last 5 days: I have visited nursing homes or long-term care facilities (outside of work duties). How often did you wear a face mask or face covering?",PMI: Skip,2057,609,0.296062227,1732,569,0.32852194
1310053,45879199,"Thinking about your current social habits, in the last 5 days: I have visited nursing homes or long-term care facilities (outside of work duties). How often did you wear a face mask or face covering?",Most of the time,2057,100,0.048614487,1732,97,0.056004619
1310053,45879198,"Thinking about your current social habits, in the last 5 days: I have visited nursing homes or long-term care facilities (outside of work duties). How often did you wear a face mask or face covering?",Some of the time,2057,52,0.025279533,1732,50,0.02886836
715723,NA,Enter the number of years,NA,1925,1667,0.865974026,1583,1386,0.875552748
715723,903096,Enter the number of years,PMI: Skip,1925,258,0.134025974,1583,241,0.152242577
1333021,45878245,Did your use include smoking the other substance?,No,1265,1220,0.964426877,1128,1084,0.960992908
1333022,1332791,Do you think you have used more or less of the other substance in the past month than you used to?,The same as usual,1265,877,0.693280632,1128,794,0.703900709
1333020,45876837,How often did you use the other substance?,Daily,1265,832,0.65770751,1128,739,0.655141844
1333022,1332799,Do you think you have used more or less of the other substance in the past month than you used to?,More often than usual,1265,251,0.198418972,1128,232,0.205673759
1333020,1333307,How often did you use the other substance?,1-5 times per week,1265,185,0.146245059,1128,170,0.15070922
1333020,1332727,How often did you use the other substance?,Only a few times,1265,114,0.090118577,1128,112,0.09929078
1333020,45882429,How often did you use the other substance?,1-3 times per month,1265,91,0.071936759,1128,88,0.078014184
1333022,1332798,Do you think you have used more or less of the other substance in the past month than you used to?,Less often than usual,1265,87,0.068774704,1128,87,0.07712766
1333022,903096,Do you think you have used more or less of the other substance in the past month than you used to?,PMI: Skip,1265,50,0.039525692,1128,50,0.044326241
1333020,903096,How often did you use the other substance?,PMI: Skip,1265,43,0.033992095,1128,43,0.038120567
1333021,45877994,Did your use include smoking the other substance?,Yes,1265,26,0.02055336,1128,26,0.023049645
715720,NA,Enter the number of months,NA,1371,1152,0.840262582,1120,936,0.835714286
715720,903096,Enter the number of months,PMI: Skip,1371,218,0.159008023,1120,210,0.1875
715713,NA,Enter the number of months,NA,918,728,0.793028322,776,614,0.791237113
715713,903096,Enter the number of months,PMI: Skip,918,188,0.204793028,776,184,0.237113402
1310135,45877994,Are you receiving prenatal care?,Yes,597,448,0.75041876,462,325,0.703463203
1310135,45878245,Are you receiving prenatal care?,No,597,146,0.244556114,462,139,0.300865801
715719,NA,Enter the number of weeks,NA,415,326,0.785542169,394,314,0.796954315
715719,903096,Enter the number of weeks,PMI: Skip,415,89,0.214457831,394,86,0.218274112
1332828,45878245,Did your use include smoking hallucinogens?,No,457,438,0.958424508,384,367,0.955729167
1332754,1332727,How often did you use hallucinogens?,Only a few times,457,333,0.728665208,384,300,0.78125
1332829,1332799,Do you think you have used more or less hallucinogens in the past month than you used to?,More often than usual,457,183,0.400437637,384,161,0.419270833
1332829,1332791,Do you think you have used more or less hallucinogens in the past month than you used to?,The same as usual,457,177,0.387308534,384,157,0.408854167
1332829,1332798,Do you think you have used more or less hallucinogens in the past month than you used to?,Less often than usual,457,93,0.203501094,384,93,0.2421875
1332754,45882429,How often did you use hallucinogens?,1-3 times per month,457,93,0.203501094,384,79,0.205729167
1310141,1310095,"How has your prenatal care changed since COVID-19? (If you became pregnant during COVID-19, compare to any prior pregnancies if relevant.) Select all that apply.",I have to go to the visits alone,722,243,0.336565097,324,195,0.601851852
1310141,1310080,"How has your prenatal care changed since COVID-19? (If you became pregnant during COVID-19, compare to any prior pregnancies if relevant.) Select all that apply.",I became pregnant during COVID-19 and visits are similar,722,192,0.265927978,324,155,0.478395062
1310141,1310119,"How has your prenatal care changed since COVID-19? (If you became pregnant during COVID-19, compare to any prior pregnancies if relevant.) Select all that apply.",Some visits are virtual (over the phone or computer),722,146,0.202216066,324,114,0.351851852
1310141,1310123,"How has your prenatal care changed since COVID-19? (If you became pregnant during COVID-19, compare to any prior pregnancies if relevant.) Select all that apply.",The visits are less frequent,722,65,0.090027701,324,55,0.169753086
1310141,1310102,"How has your prenatal care changed since COVID-19? (If you became pregnant during COVID-19, compare to any prior pregnancies if relevant.) Select all that apply.",It is the same as before COVID-19,722,44,0.060941828,324,39,0.12037037
1310141,45878142,"How has your prenatal care changed since COVID-19? (If you became pregnant during COVID-19, compare to any prior pregnancies if relevant.) Select all that apply.",Other,722,25,0.034626039,324,22,0.067901235
1332804,45878245,Did your use include smoking cocaine?,No,339,249,0.734513274,275,199,0.723636364
1332753,1332727,How often did you use cocaine?,Only a few times,339,193,0.569321534,275,179,0.650909091
1332805,1332798,Do you think you have used more or less cocaine in the past month than you used to?,Less often than usual,339,118,0.348082596,275,110,0.4
1332805,1332799,Do you think you have used more or less cocaine in the past month than you used to?,More often than usual,339,126,0.371681416,275,104,0.378181818
1332805,1332791,Do you think you have used more or less cocaine in the past month than you used to?,The same as usual,339,90,0.265486726,275,79,0.287272727
1332804,45877994,Did your use include smoking cocaine?,Yes,339,87,0.256637168,275,75,0.272727273
1332753,45882429,How often did you use cocaine?,1-3 times per month,339,77,0.227138643,275,68,0.247272727
1332753,1333307,How often did you use cocaine?,1-5 times per week,339,48,0.14159292,275,37,0.134545455
1332808,45877994,Did your use include smoking methamphetamine?,Yes,272,215,0.790441176,201,154,0.766169154
1332747,1332798,Do you think you have used more or less methamphetamine in the past month than you used to?,Less often than usual,272,84,0.308823529,201,79,0.393034826
1332747,1332791,Do you think you have used more or less methamphetamine in the past month than you used to?,The same as usual,272,90,0.330882353,201,74,0.368159204
1332747,1332799,Do you think you have used more or less methamphetamine in the past month than you used to?,More often than usual,272,93,0.341911765,201,73,0.36318408
1333004,45876837,How often did you use methamphetamine?,Daily,272,95,0.349264706,201,72,0.358208955
1333004,1333307,How often did you use methamphetamine?,1-5 times per week,272,67,0.246323529,201,57,0.28358209
1333004,1332727,How often did you use methamphetamine?,Only a few times,272,58,0.213235294,201,57,0.28358209
1332808,45878245,Did your use include smoking methamphetamine?,No,272,51,0.1875,201,46,0.228855721
1333004,45882429,How often did you use methamphetamine?,1-3 times per month,272,48,0.176470588,201,42,0.208955224
715722,NA,Enter the number of weeks,NA,170,120,0.705882353,163,115,0.705521472
715722,903096,Enter the number of weeks,PMI: Skip,170,50,0.294117647,163,50,0.306748466
1332746,1332727,How often did you use inhalants?,Only a few times,141,59,0.418439716,116,53,0.456896552
1332822,1332791,Do you think you have used more or less inhalants in the past month than you used to?,The same as usual,141,59,0.418439716,116,46,0.396551724
1332822,1332798,Do you think you have used more or less inhalants in the past month than you used to?,Less often than usual,141,40,0.283687943,116,38,0.327586207
1332822,1332799,Do you think you have used more or less inhalants in the past month than you used to?,More often than usual,141,39,0.276595745,116,35,0.301724138
1332746,45882429,How often did you use inhalants?,1-3 times per month,141,40,0.283687943,116,32,0.275862069
1332746,1333307,How often did you use inhalants?,1-5 times per week,141,32,0.226950355,116,29,0.25
1332802,45877994,Did your use include smoking synthetic marijuana or fake weed?,Yes,37,25,0.675675676,35,24,0.685714286
1332819,45878245,Did your use include smoking synthetic stimulants?,No,38,32,0.842105263,33,27,0.818181818
1332830,45878245,Did your use include smoking heroin?,No,29,22,0.75862069,27,21,0.777777778
